,hour,longitude,latitude,value
0,0,118.8164,32.0672,10.0
1,0,118.793,31.949,27.0
2,0,118.9137,32.1208,10.0
3,0,118.8367,32.0253,15.0
4,0,118.7715,32.0368,176.0
5,0,118.7318,32.0034,98.0
6,0,118.8755,31.9444,6.0
7,0,118.807,31.9757,85.0
8,0,118.8304,32.0784,16.0
9,0,118.6361,32.0586,7.0
10,0,118.7904,32.0687,48.0
11,0,118.8218,31.9543,44.0
12,0,118.7835,32.0562,100.0
13,0,118.7477,32.065,119.0
14,0,118.787,32.0427,302.0
15,0,118.8666,32.1199,24.0
16,0,118.8561,31.9571,12.0
17,0,118.7926,31.9843,24.0
18,0,118.8491,32.0397,10.0
19,0,118.6307,32.0756,9.0
20,0,118.7783,32.0724,34.0
21,0,118.7629,32.2342,85.0
22,0,118.7776,31.9826,66.0
23,0,118.9274,32.1081,47.0
24,0,118.7743,31.9921,31.0
25,0,118.8491,32.3465,8.0
26,0,118.7708,32.1182,24.0
27,0,118.7397,32.0126,10.0
28,0,118.7946,32.0023,62.0
29,0,118.8572,31.9386,10.0
30,0,118.8041,32.0353,154.0
31,0,118.8071,32.0892,17.0
32,0,118.8007,31.9397,151.0
33,0,118.8216,32.1326,13.0
34,0,118.7399,31.9668,10.0
35,0,118.7604,31.9488,10.0
36,0,118.7887,31.9595,25.0
37,0,118.8873,32.1016,75.0
38,0,118.7445,32.0356,68.0
39,0,118.7399,32.0853,35.0
40,0,118.7728,32.0276,68.0
41,0,118.7782,32.098,20.0
42,0,118.8049,32.0047,24.0
43,0,118.7925,32.031,28.0
44,0,118.8483,31.9468,20.0
45,0,118.7806,32.0126,15.0
46,0,118.7981,32.0441,125.0
47,0,118.6389,32.0679,40.0
48,0,118.7841,32.0892,40.0
49,0,118.7916,32.0783,20.0
50,0,118.7692,32.0872,39.0
51,0,118.824,32.0421,10.0
52,0,118.8739,32.3132,35.0
53,0,118.7246,32.0137,32.0
54,0,118.7712,32.1058,51.0
55,0,118.8278,31.9377,11.0
56,0,118.8158,31.9321,52.0
57,0,118.7441,31.9958,16.0
58,0,118.7224,31.9818,19.0
59,0,118.8998,32.0941,476.0
60,0,118.9089,31.9212,40.0
61,0,118.7983,32.0593,10.0
62,0,118.774,32.0516,48.0
63,0,118.8155,32.0153,32.0
64,1,118.639,32.0571,23.0
65,1,118.7908,32.0636,21.0
66,1,118.8873,32.1238,13.0
67,1,118.9148,32.1201,10.0
68,1,118.7448,32.0439,85.0
69,1,118.7802,32.0403,11.0
70,1,118.7584,32.061,10.0
71,1,118.7792,32.0707,12.0
72,1,118.7878,32.0176,10.0
73,1,118.8207,32.0754,22.0
74,1,118.5171,31.9568,1000.0
75,1,118.7304,32.0094,46.0
76,1,118.8938,32.0904,107.0
77,1,118.742,31.9878,18.0
78,1,118.749,32.2392,55.0
79,1,118.7567,32.0241,28.0
80,1,118.8253,31.9666,37.0
81,1,118.8049,31.9794,34.0
82,1,118.7704,32.0152,57.0
83,1,118.7655,32.0442,11.0
84,1,118.8426,32.1068,10.0
85,1,118.9146,32.1042,10.0
86,1,118.7266,31.9966,18.0
87,1,118.8177,32.1132,13.0
88,1,118.7533,32.1457,33.0
89,1,118.7612,32.0931,23.0
90,1,118.7752,31.9848,46.0
91,1,118.8474,32.0446,15.0
92,1,118.7914,32.0273,71.0
93,1,118.7709,32.0875,40.0
94,1,118.7909,32.0941,12.0
95,1,118.8768,32.1592,10.0
96,1,118.7898,32.0779,37.0
97,1,118.6367,32.0689,18.0
98,1,118.8026,32.0522,18.0
99,1,118.7284,32.041,20.0
100,1,118.894,32.135,10.0
101,1,118.8554,31.9287,26.0
102,1,118.792,32.0461,90.0
103,1,118.8084,32.0389,26.0
104,1,118.7645,32.1019,19.0
105,1,118.7787,32.0603,65.0
106,1,119.0017,32.1414,40.0
107,2,118.8367,31.8933,86.0
108,2,118.9065,32.104,25.0
109,2,118.8056,32.0175,41.0
110,2,118.799,31.9379,25.0
111,2,118.7398,31.9949,20.0
112,2,118.8098,32.0595,23.0
113,2,118.8185,32.0795,19.0
114,2,118.7989,32.1093,23.0
115,2,118.7305,32.1433,30.0
116,2,118.7772,32.0449,33.0
117,2,118.7904,32.0753,96.0
118,2,118.7812,32.0246,38.0
119,2,118.641,32.0705,8.0
120,2,118.9204,32.1039,15.0
121,2,118.6361,32.057,12.0
122,2,118.6505,32.0647,8.0
123,2,118.7742,32.0537,53.0
124,2,118.7772,32.1101,10.0
125,2,118.8576,31.9638,10.0
126,2,118.8617,32.1228,37.0
127,2,118.8009,32.0497,19.0
128,2,118.7498,32.1001,14.0
129,2,118.7858,32.0393,58.0
130,2,118.7286,32.0129,10.0
131,2,118.827,31.9735,43.0
132,2,118.8301,32.0503,14.0
133,2,118.7951,32.0601,16.0
134,2,118.8403,32.1213,45.0
135,2,118.789,32.0526,103.0
136,2,118.8204,32.1091,10.0
137,2,118.7589,32.0186,11.0
138,2,118.7667,32.1159,10.0
139,2,118.8433,32.0229,12.0
140,2,118.7728,31.9852,14.0
141,2,118.7395,32.0827,14.0
142,2,118.9004,32.0954,180.0
143,2,118.7327,32.0029,58.0
144,3,118.778,32.0516,59.0
145,3,118.8996,32.0942,74.0
146,3,118.8474,31.9382,45.0
147,3,118.7886,32.0364,52.0
148,3,118.8153,32.017,28.0
149,3,118.7839,32.0771,48.0
150,3,118.7948,32.1199,6.0
151,3,118.736,32.0102,31.0
152,3,118.7659,32.0978,10.0
153,3,118.7969,31.9764,56.0
154,3,118.7614,32.034,12.0
155,3,118.7497,32.0976,10.0
156,3,118.7422,32.0197,13.0
157,3,118.8083,32.0464,10.0
158,3,118.79,32.056,17.0
159,3,118.7861,32.0453,45.0
160,3,118.8138,31.9451,49.0
161,3,118.7451,32.0352,32.0
162,3,118.8326,31.978,22.0
163,3,118.8011,31.9982,35.0
164,4,118.9099,32.0519,43.0
165,4,118.8726,31.943,35.0
166,4,118.7778,32.0298,31.0
167,4,118.6551,32.0726,44.0
168,4,118.7518,31.9854,20.0
169,4,118.8928,32.1289,40.0
170,4,118.779,32.0876,18.0
171,4,118.8945,31.9945,33.0
172,4,118.7512,32.0661,54.0
173,4,118.7882,32.1079,12.0
174,4,118.8256,32.0763,10.0
175,4,118.8426,32.109,16.0
176,4,118.8667,31.9561,20.0
177,4,118.8065,32.0229,10.0
178,4,118.771,32.1182,46.0
179,4,118.7603,31.9678,14.0
180,4,118.8821,32.1243,11.0
181,4,118.7825,31.9987,10.0
182,4,118.816,32.0385,28.0
183,4,118.7775,31.9822,10.0
184,4,118.7132,31.9608,35.0
185,4,118.8301,32.0512,21.0
186,4,118.7939,32.0583,25.0
187,4,118.7929,32.0296,51.0
188,4,118.782,32.0487,108.0
189,5,118.7642,32.0433,11.0
190,5,118.7644,32.0742,36.0
191,5,118.8028,31.9604,14.0
192,5,118.7496,32.0227,55.0
193,5,118.8413,32.1273,34.0
194,5,118.7529,32.0492,52.0
195,5,118.7911,31.9507,66.0
196,5,118.8267,32.0554,15.0
197,5,118.761,31.9652,15.0
198,5,118.7516,31.9881,40.0
199,5,118.7845,32.1148,11.0
200,5,118.8393,31.9703,34.0
201,5,118.831,32.0356,21.0
202,5,118.7927,32.1005,10.0
203,5,118.8727,32.0365,30.0
204,5,118.851,31.9188,80.0
205,5,118.722,32.0222,36.0
206,5,118.7634,32.0593,30.0
207,5,118.7765,32.0765,10.0
208,5,118.8901,31.95,64.0
209,5,118.8153,32.1253,31.0
210,5,118.7897,32.0363,50.0
211,5,118.7765,32.0237,10.0
212,5,118.7771,32.0004,11.0
213,5,118.9021,32.1327,143.0
214,5,118.7547,32.0655,21.0
215,5,118.8855,32.0002,41.0
216,5,118.8215,32.0214,24.0
217,5,118.7933,32.0449,16.0
218,5,118.924,32.1255,37.0
219,5,118.7851,32.092,43.0
220,5,118.622,32.0664,6.0
221,5,118.8724,31.9478,90.0
222,5,118.8941,32.0915,33.0
223,5,118.6398,32.0691,6.0
224,5,118.7393,32.0014,41.0
225,5,118.8471,31.9308,73.0
226,5,118.7963,31.9203,16.0
227,5,118.7978,32.0216,12.0
228,5,118.8064,31.9902,10.0
229,5,118.7684,32.0971,53.0
230,5,118.8518,31.9512,10.0
231,5,119.0039,32.1383,50.0
232,5,118.8384,32.1011,799.0
233,5,118.8056,31.9399,17.0
234,5,118.6496,32.0802,6.0
235,5,118.6282,32.0766,6.0
236,5,118.937,32.0517,45.0
237,5,118.8272,32.1093,182.0
238,5,118.9388,32.0609,44.0
239,6,118.8579,32.0292,27.0
240,6,118.78,32.0873,66.0
241,6,118.9022,31.9236,49.0
242,6,118.8724,31.9504,35.0
243,6,118.8328,32.1279,52.0
244,6,118.9473,32.1235,38.0
245,6,118.8049,32.1149,14.0
246,6,118.896,32.1337,57.0
247,6,118.7393,32.0519,64.0
248,6,118.9909,32.1393,38.0
249,6,118.7823,31.9993,14.0
250,6,118.8728,31.9659,107.0
251,6,118.8112,32.0871,19.0
252,6,118.8089,32.0205,54.0
253,6,118.7999,32.0526,167.0
254,6,118.7452,32.0089,84.0
255,6,118.8444,32.3529,27.0
256,6,118.9586,32.0631,17.0
257,6,118.711,32.1566,30.0
258,6,118.8094,32.0602,55.0
259,6,118.767,32.0198,12.0
260,6,118.7927,32.1146,18.0
261,6,118.8382,32.1155,25.0
262,6,118.6491,32.0724,76.0
263,6,118.8629,32.0378,50.0
264,6,118.9213,31.9183,38.0
265,6,118.8022,31.9371,10.0
266,6,118.7374,32.0297,48.0
267,6,118.7506,31.964,30.0
268,6,118.8395,31.9835,54.0
269,6,118.7208,32.0235,29.0
270,6,118.7645,32.0582,125.0
271,6,118.8272,31.9712,203.0
272,6,118.8066,31.924,12.0
273,6,118.8587,31.9525,11.0
274,6,118.7569,32.0233,45.0
275,6,118.774,31.9776,38.0
276,6,118.8836,31.9586,25.0
277,6,118.889,32.0873,10.0
278,6,118.8829,31.9454,43.0
279,6,118.9118,32.0522,131.0
280,6,118.8475,32.1474,24.0
281,6,118.9277,32.1082,61.0
282,6,118.8581,31.964,11.0
283,6,118.7103,32.1168,110.0
284,6,118.7242,31.9851,20.0
285,6,118.8181,32.0043,22.0
286,6,118.8184,32.0541,10.0
287,6,118.8367,32.088,14.0
288,6,118.8348,31.8894,7.0
289,6,118.753,32.0653,53.0
290,6,118.8318,32.052,39.0
291,6,118.7577,32.0945,74.0
292,6,118.8422,31.9275,57.0
293,6,118.8067,32.0041,29.0
294,6,118.6227,32.0784,97.0
295,6,118.615,32.0684,96.0
296,6,118.836,32.3361,6.0
297,6,118.8646,32.3535,6.0
298,6,118.9156,32.1218,89.0
299,6,118.7819,32.0257,80.0
300,6,118.8468,32.3346,7.0
301,6,118.9149,32.0969,89.0
302,6,118.8318,31.9463,28.0
303,6,118.787,32.0697,47.0
304,6,118.6294,32.0654,12.0
305,6,118.7835,31.9882,41.0
306,6,118.8566,31.9282,6.0
307,6,118.8158,31.9383,56.0
308,6,118.7661,31.9708,161.0
309,6,118.7613,31.9949,67.0
310,6,118.8456,32.0347,64.0
311,6,118.8696,32.1434,10.0
312,6,118.8096,31.9494,18.0
313,6,118.7833,32.0519,52.0
314,6,118.8473,32.1086,66.0
315,6,118.8551,32.3492,6.0
316,6,118.8524,31.9452,140.0
317,6,118.8684,32.1197,16.0
318,6,118.8521,32.0436,69.0
319,6,118.7516,31.9881,17.0
320,6,118.7194,32.1358,15.0
321,6,118.7423,32.0823,30.0
322,6,118.741,32.0628,35.0
323,6,118.85,31.9174,47.0
324,6,118.7703,32.0775,55.0
325,6,118.8996,32.0917,548.0
326,6,118.9008,32.0559,55.0
327,6,118.8734,32.0087,32.0
328,6,118.8299,31.959,15.0
329,6,118.745,32.0395,87.0
330,6,118.7723,32.012,32.0
331,6,118.8013,31.961,46.0
332,6,118.8038,32.043,29.0
333,6,118.8668,32.0209,132.0
334,6,118.7539,32.0836,147.0
335,6,118.787,31.9138,24.0
336,6,118.7697,31.961,25.0
337,6,118.7891,31.9586,62.0
338,6,118.8763,31.7722,130.0
339,6,118.6322,32.0544,30.0
340,6,118.8794,32.124,90.0
341,6,118.9476,32.1381,13.0
342,6,118.7309,31.9946,23.0
343,6,118.9328,32.1302,94.0
344,6,118.8671,32.1009,26.0
345,6,118.7288,31.9746,74.0
346,6,118.827,32.1086,37.0
347,6,118.8321,32.0136,17.0
348,6,118.8911,32.3401,22.0
349,6,118.7933,32.0596,40.0
350,6,118.7877,32.0805,187.0
351,7,118.8149,31.9634,10.0
352,7,118.6566,31.9304,66.0
353,7,118.7174,32.0067,63.0
354,7,118.7375,32.001,30.0
355,7,118.7633,32.0042,36.0
356,7,118.7401,32.1546,42.0
357,7,118.8378,31.9246,237.0
358,7,119.0354,31.6392,10.0
359,7,118.8667,32.0109,60.0
360,7,118.8009,32.3022,23.0
361,7,118.863,32.3551,52.0
362,7,118.7677,32.0522,63.0
363,7,118.9461,32.1099,91.0
364,7,118.8769,32.1688,13.0
365,7,118.837,31.9559,174.0
366,7,118.7558,32.2306,40.0
367,7,118.7851,31.9712,139.0
368,7,118.7693,32.1133,17.0
369,7,118.7722,32.0839,69.0
370,7,118.7863,32.1052,10.0
371,7,118.7401,32.0565,120.0
372,7,118.8978,32.1374,129.0
373,7,118.777,32.0076,136.0
374,7,118.7958,32.0423,196.0
375,7,118.6377,32.0906,15.0
376,7,118.7412,32.0342,58.0
377,7,118.7874,31.9616,54.0
378,7,118.8893,31.9499,43.0
379,7,118.7309,32.0298,32.0
380,7,118.7904,32.077,21.0
381,7,118.7793,32.0527,126.0
382,7,118.7657,32.104,51.0
383,7,118.7599,32.0793,38.0
384,7,118.7279,32.0204,219.0
385,7,118.73,31.9907,174.0
386,7,118.724,31.975,167.0
387,7,118.8173,32.1059,142.0
388,7,118.9006,32.0558,81.0
389,7,118.7462,32.0691,376.0
390,7,118.8374,32.0892,165.0
391,7,118.9023,31.8932,67.0
392,7,119.0051,31.6926,30.0
393,7,118.7964,31.9756,35.0
394,7,118.9035,32.0803,31.0
395,7,118.7457,32.0074,94.0
396,7,118.8103,32.0433,34.0
397,7,118.8663,31.9594,41.0
398,7,118.9179,32.0593,20.0
399,7,118.6372,32.0508,28.0
400,7,119.0382,31.6545,10.0
401,7,118.8636,31.9373,22.0
402,7,118.8227,32.1421,22.0
403,7,118.8024,31.9381,171.0
404,7,118.884,31.9583,20.0
405,7,118.7782,32.0299,207.0
406,7,118.8613,31.9488,192.0
407,7,118.754,32.1432,70.0
408,7,118.9167,32.0727,46.0
409,7,118.8551,32.0291,20.0
410,7,118.8342,32.3397,7.0
411,7,118.7976,31.9892,66.0
412,7,118.8021,32.059,162.0
413,7,118.8334,32.1291,126.0
414,7,118.7918,32.0875,53.0
415,7,118.6503,32.0974,30.0
416,7,118.9295,32.1269,94.0
417,7,118.8297,31.8866,59.0
418,7,118.9226,32.1148,203.0
419,7,118.9022,31.9254,46.0
420,7,118.8268,31.94,126.0
421,7,118.9113,32.1204,66.0
422,7,118.7555,32.1091,14.0
423,7,118.8566,32.1116,94.0
424,7,118.9419,32.1274,203.0
425,7,118.8665,32.0397,118.0
426,7,118.8494,31.9167,31.0
427,7,118.799,32.0062,73.0
428,7,118.8398,31.9812,87.0
429,7,118.8284,31.9711,30.0
430,7,118.8484,32.0403,184.0
431,7,118.8254,32.0747,64.0
432,7,118.878,31.9476,62.0
433,7,118.7728,32.0724,44.0
434,7,118.8554,32.1354,15.0
435,7,118.9407,32.0531,65.0
436,7,118.7486,32.0495,35.0
437,7,118.7699,31.9822,15.0
438,7,118.7233,32.1356,53.0
439,7,118.8194,31.977,63.0
440,7,118.7498,32.0939,156.0
441,7,118.8587,31.9706,150.0
442,7,118.8145,32.006,119.0
443,7,118.7556,32.039,109.0
444,7,118.8125,32.052,73.0
445,7,118.8625,32.3413,12.0
446,7,118.9261,32.1059,10.0
447,7,118.7782,32.0418,34.0
448,7,118.9191,31.9151,149.0
449,7,118.7748,32.0611,244.0
450,7,118.802,31.9114,42.0
451,7,118.8454,32.1228,27.0
452,7,118.908,32.1036,10.0
453,7,118.6135,32.0621,62.0
454,7,118.9034,32.0435,48.0
455,7,118.6443,32.0775,98.0
456,7,118.6684,31.9068,10.0
457,7,118.7675,31.969,222.0
458,7,118.7426,32.0211,10.0
459,7,118.8312,31.907,71.0
460,7,118.8073,31.9467,208.0
461,7,118.7625,32.0686,17.0
462,7,118.8669,32.0281,170.0
463,7,118.6263,32.08,181.0
464,7,118.8178,31.9907,35.0
465,7,118.7812,31.9513,183.0
466,7,118.759,32.0226,45.0
467,7,118.838,31.9148,6.0
468,7,118.7911,32.1194,49.0
469,7,118.8363,31.9651,57.0
470,7,118.7925,31.949,88.0
471,7,118.6316,32.0653,146.0
472,7,118.9071,32.0939,165.0
473,7,118.9273,32.0487,131.0
474,7,118.7683,32.0367,65.0
475,7,118.8528,31.9351,56.0
476,7,118.874,31.9698,39.0
477,7,118.8258,32.1143,195.0
478,7,118.8172,32.3373,16.0
479,7,118.8961,32.0893,240.0
480,7,118.7933,32.0535,56.0
481,7,119.0249,32.1417,232.0
482,7,118.92,32.098,273.0
483,7,118.7901,31.9135,42.0
484,7,118.806,32.0239,16.0
485,7,118.8212,32.0375,68.0
486,7,119.0356,31.6633,20.0
487,7,119.03,31.6478,10.0
488,7,118.8503,32.0197,75.0
489,7,118.7832,31.9887,28.0
490,7,118.7628,32.091,53.0
491,7,118.7294,32.011,97.0
492,7,118.8451,32.3468,42.0
493,7,118.7591,31.9904,56.0
494,7,118.7801,32.0917,117.0
495,7,118.8117,31.9315,21.0
496,7,118.7862,32.0232,108.0
497,7,118.8352,31.9463,137.0
498,7,118.8437,32.1074,228.0
499,7,118.7417,32.0819,71.0
500,7,118.8821,32.1322,69.0
501,7,118.7555,31.9646,158.0
502,7,118.6505,32.0649,87.0
503,7,118.8089,32.0331,53.0
504,7,118.8197,32.0242,92.0
505,7,118.7958,32.0991,43.0
506,7,118.9159,31.937,20.0
507,7,118.7388,31.9599,23.0
508,7,118.8842,32.1219,65.0
509,7,118.8651,32.1192,63.0
510,7,118.8528,31.9571,102.0
511,7,118.9081,31.3418,6.0
512,8,118.809,31.9183,9.0
513,8,118.8124,32.0384,146.0
514,8,118.779,32.0321,80.0
515,8,118.9657,32.1121,21.0
516,8,118.7899,31.9099,111.0
517,8,118.8001,32.0059,73.0
518,8,118.7407,32.0179,121.0
519,8,118.7545,32.0388,236.0
520,8,118.9158,32.0877,23.0
521,8,118.8906,32.0892,66.0
522,8,118.813,32.086,160.0
523,8,118.7451,32.046,236.0
524,8,118.6975,31.9439,32.0
525,8,118.798,32.022,19.0
526,8,118.795,32.1025,26.0
527,8,118.8168,32.1101,286.0
528,8,118.9863,32.1379,30.0
529,8,118.8377,32.1051,210.0
530,8,118.7563,31.9966,80.0
531,8,118.9023,32.0587,109.0
532,8,118.8658,32.3396,15.0
533,8,118.8569,32.0423,24.0
534,8,118.8393,31.9001,44.0
535,8,118.8567,31.9571,68.0
536,8,118.8703,32.0265,208.0
537,8,118.8241,32.1364,101.0
538,8,118.6149,32.0627,21.0
539,8,118.6694,31.914,67.0
540,8,118.7052,32.0297,43.0
541,8,118.7906,32.1144,53.0
542,8,118.9834,32.1222,10.0
543,8,118.8194,32.3247,28.0
544,8,118.8352,32.3518,6.0
545,8,118.8462,32.0239,56.0
546,8,118.8564,32.1356,14.0
547,8,118.8297,31.906,30.0
548,8,118.7522,31.9687,60.0
549,8,118.7652,32.0492,12.0
550,8,118.7908,32.0292,667.0
551,8,118.7867,32.0164,16.0
552,8,118.8694,32.1202,266.0
553,8,118.8537,32.114,65.0
554,8,118.8551,32.0289,227.0
555,8,118.9104,32.105,377.0
556,8,118.6282,32.074,41.0
557,8,119.0279,31.7352,160.0
558,8,118.8344,31.9337,144.0
559,8,118.9233,32.0331,22.0
560,8,118.6265,32.0564,134.0
561,8,118.7459,32.0277,33.0
562,8,118.7655,32.0769,62.0
563,8,118.8789,32.1599,28.0
564,8,118.6482,32.0637,59.0
565,8,118.825,31.9386,18.0
566,8,118.8026,31.9372,138.0
567,8,118.7377,32.0088,368.0
568,8,118.7792,31.8765,22.0
569,8,118.6389,32.0716,172.0
570,8,118.8013,31.9107,6.0
571,8,118.7287,31.9856,48.0
572,8,118.7674,31.9813,36.0
573,8,118.9352,32.1002,18.0
574,8,118.8467,32.3578,41.0
575,8,118.7757,31.9053,113.0
576,8,118.7899,31.9532,71.0
577,8,118.8643,31.9659,117.0
578,8,118.7205,31.9782,171.0
579,8,119.0176,32.1453,16.0
580,8,118.6718,31.9541,176.0
581,8,118.9027,32.161,15.0
582,8,118.8659,32.3552,75.0
583,8,118.9377,32.1091,14.0
584,8,118.8223,32.079,14.0
585,8,118.705,32.1206,10.0
586,8,118.8302,31.8749,10.0
587,8,118.7551,32.0817,29.0
588,8,118.7897,32.0784,188.0
589,8,118.8552,31.9106,16.0
590,8,118.824,32.0572,85.0
591,8,118.826,31.9661,212.0
592,8,118.9147,32.0171,184.0
593,8,118.8523,31.9381,165.0
594,8,118.7224,32.1498,10.0
595,8,118.8157,31.9898,25.0
596,8,118.7252,32.0219,33.0
597,8,118.7962,32.0602,171.0
598,8,118.787,32.0686,37.0
599,8,118.7117,31.8896,48.0
600,8,118.7678,31.9669,60.0
601,8,118.8911,31.9517,14.0
602,8,119.0298,31.6646,10.0
603,8,118.7942,31.9746,197.0
604,8,118.934,32.1282,292.0
605,8,118.8805,32.0165,56.0
606,8,118.7356,32.0371,47.0
607,8,118.7416,32.1469,59.0
608,8,118.9098,31.9146,11.0
609,8,118.7737,32.002,45.0
610,8,118.8148,32.0985,229.0
611,8,118.723,32.0111,129.0
612,8,118.8359,31.9794,32.0
613,8,118.7607,32.0913,115.0
614,8,118.9193,32.099,93.0
615,8,118.8179,31.8986,14.0
616,8,118.8156,31.9494,348.0
617,8,118.7481,31.9848,74.0
618,8,118.6372,32.0511,190.0
619,8,118.7375,32.0556,250.0
620,8,118.8868,32.0026,25.0
621,8,118.8404,31.9623,82.0
622,8,118.9034,32.0447,213.0
623,8,118.8548,32.3382,12.0
624,8,118.8882,32.1244,305.0
625,8,118.7192,32.1627,117.0
626,8,118.9174,32.0749,54.0
627,8,118.8863,32.135,189.0
628,8,118.7962,32.0377,90.0
629,8,118.8477,32.1301,43.0
630,8,119.0366,31.6929,26.0
631,8,118.7543,32.0174,10.0
632,8,118.8201,31.8812,41.0
633,8,119.1019,31.6851,27.0
634,8,118.8681,32.0095,20.0
635,8,118.7034,32.1803,22.0
636,8,118.8114,32.0007,31.0
637,8,118.9549,32.1611,28.0
638,8,118.815,31.934,164.0
639,8,118.8224,32.3393,20.0
640,8,118.6604,31.9288,48.0
641,8,119.0364,31.6783,8.0
642,8,118.7993,31.9946,239.0
643,8,118.7896,32.0939,49.0
644,8,118.8307,31.9568,43.0
645,8,118.8445,32.1476,12.0
646,8,118.8266,32.124,206.0
647,8,118.6657,32.0733,10.0
648,8,118.7558,32.0551,259.0
649,8,118.7965,31.9604,167.0
650,8,118.7427,32.083,181.0
651,8,118.9067,31.9303,221.0
652,8,118.7947,31.9227,132.0
653,8,118.6521,32.0721,54.0
654,8,118.7932,31.9415,224.0
655,8,118.8056,32.0526,13.0
656,8,118.8386,32.0305,57.0
657,8,118.7839,31.9938,64.0
658,8,118.731,32.0007,241.0
659,8,118.8519,31.9483,98.0
660,8,118.8407,32.0404,70.0
661,8,118.8952,32.0177,10.0
662,8,118.7737,32.0854,147.0
663,8,118.7511,32.0711,20.0
664,8,118.7631,32.0658,71.0
665,8,118.8469,32.3443,24.0
666,8,118.836,32.0917,15.0
667,8,118.8325,32.082,93.0
668,8,118.7679,32.1073,12.0
669,8,118.939,32.0522,49.0
670,8,118.8309,32.037,59.0
671,8,118.762,32.0057,21.0
672,8,118.8505,31.8455,42.0
673,8,118.8394,31.9156,113.0
674,8,118.8029,32.0683,47.0
675,8,118.9164,32.1337,17.0
676,8,118.8376,31.9249,10.0
677,8,118.8443,31.9729,7.0
678,8,118.8281,32.0488,67.0
679,8,118.8456,32.1198,109.0
680,8,118.7904,32.0493,232.0
681,8,118.7495,32.0076,18.0
682,8,118.7701,32.0124,138.0
683,8,119.0514,31.6607,21.0
684,8,118.8857,31.943,76.0
685,8,118.923,32.1115,48.0
686,8,118.742,31.998,56.0
687,8,118.7371,31.9579,32.0
688,8,118.6399,32.0836,8.0
689,8,118.8229,32.0304,31.0
690,8,118.8727,31.9506,6.0
691,8,118.747,32.0625,89.0
692,8,118.8804,31.9637,156.0
693,8,118.7771,32.0472,17.0
694,8,118.8174,31.979,37.0
695,8,118.8564,32.0083,70.0
696,8,118.9058,32.0949,393.0
697,8,118.7405,32.1571,47.0
698,8,118.8636,31.9445,75.0
699,8,118.7822,31.983,86.0
700,8,118.7768,32.0767,177.0
701,8,118.9008,32.136,32.0
702,8,118.7852,32.1059,112.0
703,8,118.8367,31.9447,82.0
704,8,118.9284,32.0545,49.0
705,8,118.7808,32.0599,66.0
706,8,118.8067,31.9273,46.0
707,8,118.7331,31.9726,104.0
708,8,118.8497,31.9205,265.0
709,9,118.8824,31.9556,29.0
710,9,118.6311,32.0649,96.0
711,9,118.8547,32.3601,6.0
712,9,118.79,31.9835,144.0
713,9,118.8177,32.0508,127.0
714,9,118.8226,32.1273,61.0
715,9,118.7575,32.0357,56.0
716,9,118.643,32.0686,13.0
717,9,118.8835,32.0038,34.0
718,9,118.9114,32.12,38.0
719,9,118.7998,31.9941,116.0
720,9,118.7723,32.0487,31.0
721,9,118.769,32.1604,41.0
722,9,118.931,32.13,42.0
723,9,118.8631,32.0393,51.0
724,9,118.7581,32.0755,32.0
725,9,118.8563,32.03,140.0
726,9,118.8349,32.0869,106.0
727,9,118.7814,31.9991,136.0
728,9,118.7611,32.0987,28.0
729,9,118.6235,32.0743,45.0
730,9,118.7844,31.9574,103.0
731,9,119.0377,31.6551,28.0
732,9,118.7677,31.9755,140.0
733,9,118.8088,32.038,207.0
734,9,119.0231,31.6689,10.0
735,9,118.8477,32.3509,12.0
736,9,118.9132,32.1044,73.0
737,9,118.7959,32.0428,198.0
738,9,118.7269,31.9899,145.0
739,9,118.7409,32.0958,16.0
740,9,118.8436,31.9274,8.0
741,9,118.8318,31.9815,27.0
742,9,118.7838,31.9709,39.0
743,9,119.0399,31.6377,7.0
744,9,118.9224,32.0949,10.0
745,9,118.9452,32.1097,10.0
746,9,118.8778,31.9433,10.0
747,9,118.8857,32.3418,12.0
748,9,118.6322,32.0507,18.0
749,9,118.8617,32.1227,30.0
750,9,118.8044,31.9609,17.0
751,9,118.8551,31.9107,27.0
752,9,118.6449,32.0554,27.0
753,9,118.7649,32.0578,21.0
754,9,118.911,32.0911,132.0
755,9,118.7947,31.9495,194.0
756,9,118.8803,32.1513,10.0
757,9,118.755,31.9923,26.0
758,9,118.7495,32.0162,30.0
759,9,118.7924,31.9188,72.0
760,9,118.7527,31.9674,35.0
761,9,118.7379,32.0561,29.0
762,9,118.8013,31.9831,26.0
763,9,118.8188,31.9357,111.0
764,9,119.0379,31.6642,16.0
765,9,118.8252,31.8867,32.0
766,9,118.7915,31.8973,17.0
767,9,118.6527,32.0637,38.0
768,9,118.7447,31.9971,71.0
769,9,118.8622,32.1496,50.0
770,9,118.8064,32.0107,46.0
771,9,118.743,32.0831,100.0
772,9,118.8199,32.1419,11.0
773,9,118.6631,32.0708,10.0
774,9,118.7204,31.9689,122.0
775,9,118.9393,32.1236,37.0
776,9,119.0144,32.1484,40.0
777,9,118.8984,32.0922,227.0
778,9,118.7531,32.0652,126.0
779,9,118.7388,32.0134,9.0
780,9,118.8701,32.0247,208.0
781,9,118.8323,31.9325,78.0
782,9,118.7724,32.0094,15.0
783,9,118.8432,31.95,32.0
784,9,118.8374,31.8743,41.0
785,9,118.8358,31.9714,109.0
786,9,118.8573,32.3712,12.0
787,9,118.8229,32.1138,105.0
788,9,118.7664,31.9652,16.0
789,9,118.9268,32.1056,211.0
790,9,118.8745,31.9337,33.0
791,9,118.8552,31.9302,37.0
792,9,118.8337,32.3334,38.0
793,9,118.725,32.1696,11.0
794,9,118.8847,32.0488,11.0
795,9,118.8629,32.0136,45.0
796,9,118.7763,31.9826,28.0
797,9,118.7344,32.1399,96.0
798,9,118.923,32.1191,10.0
799,9,118.7922,32.0332,50.0
800,9,118.8295,32.0511,42.0
801,9,118.8442,31.9107,95.0
802,9,118.8479,32.1304,39.0
803,9,118.7572,32.0242,38.0
804,9,118.8513,31.9575,26.0
805,9,118.6442,32.0795,62.0
806,9,118.8254,31.9443,13.0
807,9,118.767,32.0198,62.0
808,9,118.7943,31.9751,10.0
809,9,118.7836,32.0236,10.0
810,9,118.7583,31.9494,25.0
811,9,118.7187,32.1559,30.0
812,9,119.0047,32.1447,26.0
813,9,118.7499,32.052,62.0
814,9,118.9673,32.1154,57.0
815,9,118.8197,32.3354,15.0
816,9,118.7938,32.0205,40.0
817,9,118.6807,31.9529,83.0
818,9,118.8647,31.9626,59.0
819,9,118.8373,31.8934,24.0
820,9,118.8338,32.3503,11.0
821,9,118.7225,32.013,101.0
822,9,118.8649,31.9421,108.0
823,9,118.9833,32.1221,18.0
824,9,118.7787,32.0322,91.0
825,9,118.7697,32.0375,31.0
826,9,118.8741,31.9719,30.0
827,9,118.9265,32.0539,55.0
828,9,118.7931,32.0675,31.0
829,9,118.8152,31.9504,96.0
830,9,118.9902,32.1374,33.0
831,9,118.7851,32.092,90.0
832,9,118.7422,32.0332,97.0
833,9,118.8059,31.937,86.0
834,9,118.7606,32.0451,101.0
835,9,118.641,32.0924,10.0
836,9,118.7967,32.0548,276.0
837,9,118.8168,31.901,10.0
838,9,118.7838,32.0505,159.0
839,9,118.847,31.9369,65.0
840,9,118.8741,32.135,64.0
841,9,118.7877,32.0754,42.0
842,9,118.7048,32.03,50.0
843,9,118.8798,32.0162,61.0
844,9,118.8079,32.0243,21.0
845,9,118.7203,31.9788,63.0
846,9,118.9013,32.113,41.0
847,9,118.8264,31.958,16.0
848,9,118.8626,32.3484,12.0
849,9,118.8081,31.9178,49.0
850,9,118.8261,32.0265,49.0
851,9,118.7904,32.1198,132.0
852,9,118.9158,31.9009,14.0
853,9,118.7764,32.063,67.0
854,9,118.8345,32.1076,37.0
855,9,118.8759,32.161,30.0
856,9,118.6182,32.0608,43.0
857,9,118.8112,32.0018,15.0
858,9,118.775,32.073,70.0
859,9,118.7369,32.0237,150.0
860,9,118.798,32.0947,28.0
861,9,118.7465,32.0072,164.0
862,9,118.633,32.0859,24.0
863,9,118.7192,32.0043,10.0
864,9,118.7596,32.0876,66.0
865,9,118.8787,32.121,114.0
866,9,118.8374,32.0316,118.0
867,9,118.8185,31.9651,15.0
868,10,118.9011,31.9535,17.0
869,10,118.965,32.1114,54.0
870,10,118.7684,31.9973,50.0
871,10,118.704,32.181,28.0
872,10,118.7428,32.0197,79.0
873,10,118.869,31.9504,6.0
874,10,118.7557,32.2358,26.0
875,10,118.8095,32.019,101.0
876,10,118.855,32.0433,30.0
877,10,118.8897,32.0889,27.0
878,10,118.8988,32.1621,14.0
879,10,118.7032,32.0314,30.0
880,10,118.8417,31.9283,36.0
881,10,118.9205,32.0648,35.0
882,10,118.7178,31.9748,10.0
883,10,118.7433,32.2266,61.0
884,10,118.8457,32.3558,6.0
885,10,118.735,31.986,39.0
886,10,118.8309,31.9071,37.0
887,10,118.7521,32.1624,10.0
888,10,118.8433,31.9086,101.0
889,10,118.776,32.0775,14.0
890,10,118.7395,32.0498,40.0
891,10,118.8776,31.9961,20.0
892,10,118.6403,32.0603,6.0
893,10,118.7072,31.9526,49.0
894,10,118.7497,32.1372,41.0
895,10,118.8186,31.991,48.0
896,10,118.8521,31.9522,146.0
897,10,118.8959,31.9262,34.0
898,10,118.8873,32.0169,12.0
899,10,118.8458,32.3429,14.0
900,10,118.7303,32.13,37.0
901,10,118.8494,31.9183,92.0
902,10,118.8309,31.9343,34.0
903,10,118.7223,32.0232,33.0
904,10,118.8016,31.989,10.0
905,10,118.8628,32.0145,25.0
906,10,118.8162,31.9593,17.0
907,10,118.72,32.0068,10.0
908,10,118.7989,31.9368,46.0
909,10,118.7881,31.9151,28.0
910,10,118.7573,31.9632,13.0
911,10,118.7904,32.0493,444.0
912,10,118.7425,32.0317,42.0
913,10,118.7328,32.0371,52.0
914,10,118.7178,32.1643,10.0
915,10,118.8273,31.9746,16.0
916,10,118.9403,32.1232,54.0
917,10,118.8388,31.9642,43.0
918,10,118.8715,32.1011,19.0
919,10,118.7781,32.0316,61.0
920,10,118.7554,32.0465,96.0
921,10,118.7491,31.9869,42.0
922,10,118.7032,31.9399,73.0
923,10,118.6311,32.065,131.0
924,10,118.8181,32.0472,27.0
925,10,118.9297,32.1225,37.0
926,10,118.804,32.0489,25.0
927,10,118.9371,32.155,42.0
928,10,118.7623,31.9785,73.0
929,10,119.0355,31.6641,7.0
930,10,118.7821,32.0056,18.0
931,10,118.8277,32.1392,39.0
932,10,118.712,31.8884,40.0
933,10,118.8925,31.9675,14.0
934,10,118.6155,32.0615,12.0
935,10,118.7737,32.0551,134.0
936,10,118.6243,32.0803,27.0
937,10,118.77,32.0943,38.0
938,10,118.7308,31.9972,224.0
939,10,118.7697,31.9678,34.0
940,10,118.8998,32.1396,41.0
941,10,118.7505,32.0922,17.0
942,10,118.7904,32.0771,147.0
943,10,118.7545,32.0175,108.0
944,10,119.0202,31.6384,7.0
945,10,118.8967,32.04,11.0
946,10,118.9756,32.1232,10.0
947,10,118.9004,32.0895,111.0
948,10,118.7668,32.0671,75.0
949,10,118.7686,32.0139,20.0
950,10,118.7587,32.0814,40.0
951,10,118.7845,31.979,26.0
952,10,118.7302,31.9706,193.0
953,10,118.8012,32.1022,75.0
954,10,118.8187,32.0787,64.0
955,10,118.8039,32.0631,65.0
956,10,118.7257,32.1721,18.0
957,10,118.9114,32.055,40.0
958,10,118.7849,32.0927,77.0
959,10,118.7912,31.9533,106.0
960,10,118.8074,31.9127,14.0
961,10,118.7536,32.1457,10.0
962,10,118.8701,32.0238,58.0
963,10,118.5581,31.9719,35.0
964,10,118.824,32.0978,58.0
965,10,118.794,32.0584,10.0
966,10,118.9073,31.9366,13.0
967,10,118.909,31.3357,9.0
968,10,118.7444,32.0088,21.0
969,10,118.7477,32.0654,198.0
970,10,118.6416,32.0847,37.0
971,10,118.9464,32.0587,13.0
972,10,118.8871,32.1193,30.0
973,10,118.7633,32.0529,22.0
974,10,118.9222,32.1106,24.0
975,10,118.8886,31.9556,28.0
976,10,118.9126,32.1191,66.0
977,10,118.8006,31.9262,10.0
978,10,118.8429,31.8938,115.0
979,10,118.7443,31.9959,91.0
980,10,118.6549,31.9115,68.0
981,10,118.8619,31.9597,133.0
982,10,118.8344,32.1106,197.0
983,10,118.6398,32.0511,87.0
984,10,118.6492,32.0712,42.0
985,10,118.9141,32.1295,10.0
986,10,118.7924,32.0306,80.0
987,10,118.8194,32.1202,53.0
988,10,118.7738,31.9819,66.0
989,10,118.8169,32.1061,15.0
990,10,118.8275,32.032,16.0
991,10,119.0383,31.6546,40.0
992,10,118.8588,32.0297,20.0
993,10,118.7726,32.0441,34.0
994,10,118.8179,31.8987,51.0
995,10,118.9395,32.1323,35.0
996,10,118.742,32.0739,15.0
997,10,118.8582,32.3476,66.0
998,10,118.8223,31.9497,180.0
999,10,118.8425,32.046,22.0
1000,10,118.7673,32.0253,67.0
1001,10,118.8623,32.1233,59.0
1002,10,118.8812,31.9218,13.0
1003,10,118.8475,32.0249,12.0
1004,10,118.8692,31.9681,14.0
1005,10,118.9205,31.9178,97.0
1006,10,118.9232,31.9602,95.0
1007,10,118.8553,31.9306,8.0
1008,10,118.9207,32.1,87.0
1009,10,118.758,32.0334,56.0
1010,10,118.776,32.1146,40.0
1011,10,118.8448,31.938,25.0
1012,10,118.9148,32.0865,13.0
1013,10,118.8951,32.0523,86.0
1014,10,118.7976,31.9976,15.0
1015,10,118.7802,32.0657,101.0
1016,10,118.8344,32.0814,80.0
1017,10,118.8168,32.0291,38.0
1018,11,118.7632,32.0484,84.0
1019,11,118.9499,32.1244,10.0
1020,11,118.9034,32.0911,84.0
1021,11,118.798,32.0348,70.0
1022,11,118.8907,32.0889,46.0
1023,11,118.9756,32.1232,14.0
1024,11,118.9167,32.0727,44.0
1025,11,118.8375,32.1047,22.0
1026,11,118.7447,32.0706,66.0
1027,11,118.8915,32.1109,16.0
1028,11,118.8296,32.1219,10.0
1029,11,118.7433,32.0214,18.0
1030,11,118.8467,32.1112,10.0
1031,11,118.8216,31.9904,10.0
1032,11,118.8642,32.041,63.0
1033,11,118.8302,32.0312,123.0
1034,11,118.7864,31.9824,191.0
1035,11,118.8419,32.0555,22.0
1036,11,118.8474,31.9306,46.0
1037,11,118.761,32.0703,61.0
1038,11,118.7207,32.1522,10.0
1039,11,118.7266,31.9982,268.0
1040,11,118.8952,32.0782,10.0
1041,11,118.7963,32.1099,10.0
1042,11,118.7399,32.0319,108.0
1043,11,118.824,32.1023,25.0
1044,11,118.9347,32.1262,270.0
1045,11,118.8174,32.1219,42.0
1046,11,118.7253,32.1719,25.0
1047,11,118.7381,32.138,25.0
1048,11,118.9527,32.1132,20.0
1049,11,118.876,32.1692,48.0
1050,11,118.8346,31.9023,28.0
1051,11,118.839,31.9633,48.0
1052,11,118.8094,32.0873,65.0
1053,11,118.8956,31.9336,12.0
1054,11,118.7287,32.0405,16.0
1055,11,118.7993,31.9381,64.0
1056,11,118.8669,32.0211,38.0
1057,11,118.8784,32.0156,183.0
1058,11,118.9122,31.9015,185.0
1059,11,118.8169,31.9131,12.0
1060,11,118.9036,31.9154,10.0
1061,11,118.805,31.9763,10.0
1062,11,119.0316,31.6653,7.0
1063,11,118.8177,31.8927,48.0
1064,11,118.6385,32.0585,47.0
1065,11,118.7392,31.9867,82.0
1066,11,118.8243,32.0809,37.0
1067,11,118.7329,32.017,117.0
1068,11,118.7883,31.9439,19.0
1069,11,118.7664,32.1055,23.0
1070,11,118.8357,31.9114,11.0
1071,11,118.7551,32.055,69.0
1072,11,118.751,31.9967,23.0
1073,11,118.8834,31.9949,14.0
1074,11,118.919,31.9155,89.0
1075,11,118.8878,32.1577,19.0
1076,11,118.6144,32.0617,105.0
1077,11,118.795,31.9531,89.0
1078,11,118.6875,31.9487,34.0
1079,11,118.8816,32.0492,63.0
1080,11,118.8397,31.9816,36.0
1081,11,118.745,32.0454,20.0
1082,11,118.8169,31.9506,45.0
1083,11,118.752,32.0336,16.0
1084,11,118.7701,32.0637,78.0
1085,11,118.7698,32.027,66.0
1086,11,118.8793,32.0258,53.0
1087,11,118.9215,32.0968,129.0
1088,11,118.78,32.0873,18.0
1089,11,118.6063,32.0796,10.0
1090,11,118.883,32.1329,63.0
1091,11,118.8548,32.0304,55.0
1092,11,118.7918,32.0133,26.0
1093,11,118.7693,32.0872,573.0
1094,11,118.7609,31.9732,10.0
1095,11,118.862,31.9371,6.0
1096,11,118.7803,32.0121,44.0
1097,11,118.8171,31.9792,32.0
1098,11,118.6235,32.0808,67.0
1099,11,118.7981,31.8983,20.0
1100,11,118.8462,32.3553,6.0
1101,11,118.8341,32.3523,12.0
1102,11,118.7911,32.054,67.0
1103,11,118.7901,32.0949,40.0
1104,11,118.7448,32.0051,156.0
1105,11,118.8334,31.934,81.0
1106,11,118.782,32.0463,119.0
1107,11,118.7652,31.9541,28.0
1108,11,118.7898,32.0247,62.0
1109,11,118.9395,32.1058,54.0
1110,11,118.8588,31.9511,14.0
1111,11,118.9003,32.0401,34.0
1112,11,118.8242,31.9418,7.0
1113,11,118.787,32.0686,338.0
1114,11,118.8269,31.9565,40.0
1115,11,118.8144,32.0465,71.0
1116,11,118.9385,32.1158,20.0
1117,11,118.7798,32.0572,171.0
1118,11,118.7794,31.8748,15.0
1119,11,118.8035,32.0146,37.0
1120,11,118.7176,31.9748,14.0
1121,11,118.7515,31.9826,78.0
1122,11,118.9,31.323,11.0
1123,11,118.8622,31.9636,59.0
1124,11,118.7514,32.1379,42.0
1125,11,118.8106,32.1046,10.0
1126,11,118.8109,32.0322,53.0
1127,11,118.7823,31.9953,20.0
1128,11,118.76,32.0805,152.0
1129,11,118.7022,32.0296,30.0
1130,11,119.0143,32.1478,16.0
1131,11,118.8558,32.3492,20.0
1132,11,119.0408,31.6514,6.0
1133,11,118.8481,31.9483,6.0
1134,11,118.7504,32.1015,37.0
1135,11,118.7871,31.9616,30.0
1136,11,118.6306,32.0733,50.0
1137,11,118.7913,31.9076,26.0
1138,11,118.7923,32.0432,108.0
1139,11,118.7431,32.0578,28.0
1140,11,118.8471,32.3437,7.0
1141,11,118.7443,32.0923,23.0
1142,11,118.6437,32.076,52.0
1143,11,118.8341,31.9488,86.0
1144,11,118.8374,31.8933,22.0
1145,11,118.8769,32.1544,10.0
1146,11,118.7145,32.1243,49.0
1147,11,118.7801,32.0778,115.0
1148,11,118.8762,32.1245,90.0
1149,11,118.926,32.0613,16.0
1150,11,118.6515,32.0672,31.0
1151,11,118.887,32.1237,18.0
1152,11,118.7488,32.2249,74.0
1153,11,118.8545,31.9108,11.0
1154,11,118.9229,32.1115,33.0
1155,11,118.8736,32.1004,55.0
1156,11,118.9355,32.1575,19.0
1157,11,118.8431,32.0334,64.0
1158,11,118.8299,32.064,20.0
1159,11,118.8138,31.9341,8.0
1160,11,118.8037,32.0597,117.0
1161,11,118.7737,31.9839,64.0
1162,12,118.797,32.0516,20.0
1163,12,118.9503,32.1016,45.0
1164,12,118.8085,31.9591,53.0
1165,12,118.8233,32.1321,29.0
1166,12,118.7425,32.0084,12.0
1167,12,118.7524,32.0332,16.0
1168,12,118.7322,32.024,34.0
1169,12,118.7276,32.0371,10.0
1170,12,118.9215,32.1136,30.0
1171,12,118.8475,31.8975,26.0
1172,12,118.923,32.1002,21.0
1173,12,118.7586,31.9783,32.0
1174,12,118.801,32.12,42.0
1175,12,118.7464,31.9838,70.0
1176,12,118.7653,32.0432,31.0
1177,12,118.7846,32.0693,121.0
1178,12,118.8215,32.1044,43.0
1179,12,118.7164,32.003,38.0
1180,12,118.7449,32.0594,37.0
1181,12,118.7722,32.0025,28.0
1182,12,118.9028,32.0767,19.0
1183,12,118.8402,31.9632,21.0
1184,12,118.9377,32.1117,51.0
1185,12,118.8896,32.0909,135.0
1186,12,118.7927,31.9822,97.0
1187,12,118.6718,31.9541,47.0
1188,12,118.8271,32.332,8.0
1189,12,118.7825,32.0213,70.0
1190,12,118.9001,32.0933,82.0
1191,12,118.8495,32.3454,57.0
1192,12,118.8644,32.3545,19.0
1193,12,118.7734,31.9925,87.0
1194,12,118.8428,32.0608,17.0
1195,12,118.8173,32.0411,23.0
1196,12,118.8654,31.9691,72.0
1197,12,118.8967,32.13,16.0
1198,12,118.8653,31.9211,8.0
1199,12,118.8149,31.9349,14.0
1200,12,118.9664,32.1154,10.0
1201,12,118.7914,32.2866,88.0
1202,12,118.9543,32.1613,90.0
1203,12,118.7578,32.0888,24.0
1204,12,118.8767,32.1549,49.0
1205,12,118.7959,32.0609,315.0
1206,12,118.7506,31.9639,101.0
1207,12,118.7053,32.1679,20.0
1208,12,118.8469,31.9559,78.0
1209,12,118.8673,32.0228,210.0
1210,12,118.8785,32.1196,45.0
1211,12,118.6282,32.0833,30.0
1212,12,118.8337,31.9333,51.0
1213,12,118.9418,32.1299,96.0
1214,12,118.8862,31.9619,6.0
1215,12,118.9112,32.0902,47.0
1216,12,118.8832,32.1335,49.0
1217,12,118.9129,32.1058,102.0
1218,12,118.6406,32.0708,86.0
1219,12,118.72,31.9759,11.0
1220,12,118.8129,32.0106,43.0
1221,12,118.7635,32.0721,43.0
1222,12,118.7665,31.9662,53.0
1223,12,118.8946,32.0557,40.0
1224,12,118.8805,32.0224,76.0
1225,12,118.7201,32.1093,18.0
1226,12,118.8373,32.1271,23.0
1227,12,118.8519,31.9393,50.0
1228,12,118.8712,32.3165,10.0
1229,12,118.7441,32.1347,22.0
1230,12,118.7664,32.062,63.0
1231,12,118.7826,32.0465,209.0
1232,12,118.7258,31.9668,12.0
1233,12,118.7858,31.9078,52.0
1234,12,118.7415,32.0388,50.0
1235,12,118.8789,31.9922,23.0
1236,12,118.8285,32.0915,48.0
1237,12,118.8927,32.1387,28.0
1238,12,118.7239,32.0138,32.0
1239,12,118.6195,32.0652,12.0
1240,12,118.8622,32.1228,26.0
1241,12,118.8566,32.3657,6.0
1242,12,118.866,32.1545,80.0
1243,12,118.9532,32.1106,50.0
1244,12,118.7438,31.9957,53.0
1245,12,118.7521,32.0487,74.0
1246,12,118.7853,32.0972,15.0
1247,12,118.9083,31.9043,15.0
1248,12,118.9291,32.1229,50.0
1249,12,118.7893,31.9487,46.0
1250,12,118.8366,32.0843,10.0
1251,12,119.0517,31.6693,25.0
1252,12,118.8513,32.0303,46.0
1253,12,118.8264,31.8723,40.0
1254,12,118.7469,32.0814,11.0
1255,12,118.9062,32.0368,38.0
1256,12,118.8433,31.9089,13.0
1257,12,118.7806,31.9834,45.0
1258,12,118.8356,32.1098,10.0
1259,12,118.6409,32.0813,25.0
1260,12,118.9026,32.1032,42.0
1261,12,118.8182,31.9666,21.0
1262,12,118.8058,31.9166,30.0
1263,12,118.8422,31.9243,40.0
1264,12,118.7742,32.0541,27.0
1265,12,118.798,32.0372,177.0
1266,12,118.8434,32.0405,10.0
1267,12,118.7502,32.0728,56.0
1268,12,118.762,31.9949,65.0
1269,12,118.776,32.0391,81.0
1270,12,118.7693,32.0836,36.0
1271,12,118.8834,31.9257,23.0
1272,12,118.8947,31.992,10.0
1273,12,119.0431,31.6574,10.0
1274,12,118.8215,32.0519,98.0
1275,12,118.7391,32.0488,54.0
1276,12,118.8909,31.9411,31.0
1277,12,118.6587,32.0763,6.0
1278,12,118.797,31.9092,27.0
1279,12,118.7545,32.0124,31.0
1280,12,118.7274,31.9903,18.0
1281,12,118.8039,31.9766,35.0
1282,12,118.908,32.0476,38.0
1283,12,119.0095,32.1303,17.0
1284,12,118.9143,32.1444,28.0
1285,12,118.8098,31.9846,43.0
1286,12,118.6604,32.1024,15.0
1287,12,118.9342,32.1012,10.0
1288,12,118.6058,32.0248,18.0
1289,12,118.8256,31.9744,16.0
1290,12,118.8514,31.983,15.0
1291,12,118.7951,32.0246,85.0
1292,12,118.8361,32.0264,30.0
1293,12,119.0345,31.6638,7.0
1294,12,118.6418,32.0908,6.0
1295,12,118.7251,32.1421,36.0
1296,12,118.8308,32.045,32.0
1297,12,118.7472,32.0198,216.0
1298,12,118.7871,32.0846,11.0
1299,12,118.6041,32.0771,12.0
1300,12,118.6312,32.0654,80.0
1301,12,118.7937,31.9378,21.0
1302,12,118.8365,31.8951,17.0
1303,12,119.0047,32.1464,57.0
1304,12,118.8795,31.9444,21.0
1305,12,118.819,32.0847,30.0
1306,12,118.7126,32.1564,11.0
1307,12,118.8587,31.9482,25.0
1308,12,118.948,32.1388,20.0
1309,12,118.828,31.951,98.0
1310,13,118.9012,31.9532,23.0
1311,13,118.7886,31.9123,36.0
1312,13,118.9172,32.1253,10.0
1313,13,118.7549,31.9497,22.0
1314,13,118.8826,31.9581,17.0
1315,13,118.7586,32.059,34.0
1316,13,118.9064,31.9319,28.0
1317,13,118.748,32.0069,175.0
1318,13,118.7904,32.0771,18.0
1319,13,118.9013,32.0421,73.0
1320,13,118.9666,32.1143,16.0
1321,13,118.8361,31.9682,60.0
1322,13,118.8932,32.1326,70.0
1323,13,118.6551,32.0726,73.0
1324,13,118.8742,31.965,20.0
1325,13,118.7945,32.0284,157.0
1326,13,118.8279,31.8771,58.0
1327,13,118.9207,32.112,54.0
1328,13,118.8436,32.1106,21.0
1329,13,118.7779,32.0429,91.0
1330,13,118.8976,32.0897,208.0
1331,13,118.942,32.1226,44.0
1332,13,118.791,31.9493,118.0
1333,13,118.7899,32.101,48.0
1334,13,118.7259,32.0243,17.0
1335,13,118.7891,32.0414,128.0
1336,13,118.9433,32.1025,10.0
1337,13,118.9489,32.131,56.0
1338,13,118.9265,32.0632,65.0
1339,13,118.7703,32.064,10.0
1340,13,118.8836,31.9243,7.0
1341,13,118.6449,32.079,6.0
1342,13,118.841,32.3435,6.0
1343,13,118.8992,32.1578,236.0
1344,13,118.9323,32.1104,93.0
1345,13,118.7904,32.0902,18.0
1346,13,118.8626,32.1225,57.0
1347,13,118.6419,32.0906,7.0
1348,13,118.6278,32.0501,9.0
1349,13,118.7494,32.0676,36.0
1350,13,118.7902,32.0674,110.0
1351,13,118.7546,32.2058,54.0
1352,13,118.8744,32.1519,148.0
1353,13,118.6388,32.0705,19.0
1354,13,118.8663,31.9569,25.0
1355,13,118.6223,32.0677,6.0
1356,13,118.8805,32.0165,22.0
1357,13,118.752,31.9674,15.0
1358,13,118.7065,32.1409,37.0
1359,13,118.8898,32.1101,69.0
1360,13,118.8335,32.3346,27.0
1361,13,118.7597,32.0865,60.0
1362,13,119.0537,31.6487,7.0
1363,13,118.8287,31.9472,31.0
1364,13,118.7471,32.0795,23.0
1365,13,118.8643,32.0462,40.0
1366,13,118.9173,31.9135,46.0
1367,13,118.7916,31.9403,83.0
1368,13,118.8946,32.0513,56.0
1369,13,118.923,32.1,119.0
1370,13,118.7376,32.0095,52.0
1371,13,118.7722,31.9818,45.0
1372,13,118.8485,31.9579,6.0
1373,13,118.8604,32.3549,6.0
1374,13,118.772,32.0254,108.0
1375,13,118.8506,32.1191,25.0
1376,13,118.8227,32.1059,36.0
1377,13,119.0105,32.1478,10.0
1378,13,118.8585,31.9662,72.0
1379,13,118.7281,32.0034,43.0
1380,13,118.816,31.9306,34.0
1381,13,118.7356,32.1501,19.0
1382,13,118.6073,31.8689,198.0
1383,13,118.6135,32.0368,10.0
1384,13,118.7588,32.0756,51.0
1385,13,118.804,31.9367,7.0
1386,13,118.9102,32.103,102.0
1387,13,118.7655,31.9963,112.0
1388,13,118.8872,32.0954,35.0
1389,13,119.0351,31.6357,11.0
1390,13,118.8282,31.938,36.0
1391,13,118.8526,31.9274,52.0
1392,13,118.6261,32.0762,37.0
1393,13,118.8874,32.148,42.0
1394,13,118.9131,32.0857,60.0
1395,13,118.8111,32.0469,197.0
1396,13,118.7423,32.0344,187.0
1397,13,118.8857,32.1233,21.0
1398,13,118.7499,31.9883,90.0
1399,13,118.7389,32.0628,54.0
1400,13,118.7984,31.9015,18.0
1401,13,118.8269,32.0741,36.0
1402,13,118.7993,31.9938,20.0
1403,13,118.8604,32.1137,45.0
1404,13,118.8717,31.9435,36.0
1405,13,118.8522,32.3459,6.0
1406,13,118.7213,31.9799,42.0
1407,13,118.6384,32.0612,253.0
1408,13,118.8217,32.0381,23.0
1409,13,118.7691,32.0157,10.0
1410,13,118.722,32.1361,25.0
1411,13,118.7365,32.0253,44.0
1412,13,118.7361,31.9569,11.0
1413,13,118.7667,32.0455,41.0
1414,13,118.7364,32.1607,31.0
1415,13,118.8761,32.0448,40.0
1416,13,118.8159,31.9484,200.0
1417,13,118.895,31.9938,17.0
1418,13,118.7582,31.9791,23.0
1419,13,118.8378,32.0378,20.0
1420,13,118.7577,32.1028,44.0
1421,13,118.8013,32.1005,11.0
1422,13,118.8195,32.3354,39.0
1423,13,118.7351,32.0483,36.0
1424,13,118.9351,32.1557,47.0
1425,13,118.8219,32.0274,26.0
1426,13,118.9273,32.1284,60.0
1427,13,118.8994,32.0805,35.0
1428,13,118.614,32.062,32.0
1429,13,118.8545,31.9109,19.0
1430,13,118.9132,32.1574,89.0
1431,13,118.8555,32.0525,11.0
1432,13,118.7699,31.9687,24.0
1433,13,118.8021,31.8915,10.0
1434,13,118.8522,31.937,7.0
1435,13,118.7535,32.0205,49.0
1436,13,118.8853,31.9426,60.0
1437,13,118.7793,32.0803,265.0
1438,13,118.8155,31.9592,45.0
1439,13,118.7029,32.0306,32.0
1440,13,118.8628,31.9378,29.0
1441,13,118.909,31.3359,16.0
1442,13,118.8532,32.0434,25.0
1443,13,118.8034,32.0143,42.0
1444,13,118.8112,32.0868,26.0
1445,13,118.8184,32.1155,35.0
1446,13,118.9588,32.059,19.0
1447,13,119.0382,31.6585,32.0
1448,13,118.8884,32.1715,53.0
1449,13,118.7968,31.9847,90.0
1450,13,118.7528,32.0444,74.0
1451,13,118.7222,32.2065,60.0
1452,13,118.8103,32.0594,46.0
1453,13,118.7813,31.9958,183.0
1454,13,118.8099,32.0038,12.0
1455,13,118.8233,32.0519,64.0
1456,13,118.8632,32.0288,62.0
1457,13,118.8087,32.0373,28.0
1458,13,118.7789,32.0914,43.0
1459,13,118.9001,31.8889,107.0
1460,13,118.8643,32.0133,14.0
1461,13,118.7891,32.0514,439.0
1462,13,118.7995,32.0555,53.0
1463,13,118.8077,32.1082,68.0
1464,14,118.8045,32.0471,90.0
1465,14,118.8679,31.9554,19.0
1466,14,118.7576,31.9796,26.0
1467,14,118.9431,32.1027,11.0
1468,14,118.7773,32.1057,16.0
1469,14,118.7636,32.0601,157.0
1470,14,118.845,32.0371,27.0
1471,14,118.8392,31.9253,11.0
1472,14,118.6289,32.0733,12.0
1473,14,118.7901,31.9491,97.0
1474,14,118.8449,32.1068,24.0
1475,14,118.8204,32.0212,49.0
1476,14,118.7242,32.0146,85.0
1477,14,118.7839,31.8978,20.0
1478,14,118.86,32.0235,10.0
1479,14,118.9663,32.1158,123.0
1480,14,118.8738,32.1353,98.0
1481,14,118.8926,31.9391,13.0
1482,14,118.7793,32.0587,36.0
1483,14,118.8618,32.152,25.0
1484,14,118.7406,31.9867,67.0
1485,14,118.8802,32.1471,201.0
1486,14,118.8589,32.0418,27.0
1487,14,118.8622,32.1225,38.0
1488,14,118.8788,32.1216,13.0
1489,14,118.9077,31.9554,49.0
1490,14,118.9232,32.1114,10.0
1491,14,118.9218,32.1008,30.0
1492,14,118.7317,32.0298,40.0
1493,14,118.8483,32.0118,52.0
1494,14,118.7809,32.0774,225.0
1495,14,118.8278,32.1427,44.0
1496,14,118.7861,32.092,24.0
1497,14,118.8856,32.0962,69.0
1498,14,118.8734,31.9274,45.0
1499,14,118.796,31.8978,54.0
1500,14,118.7467,32.0063,75.0
1501,14,118.8331,32.1275,18.0
1502,14,118.8893,32.3353,12.0
1503,14,118.641,32.0603,26.0
1504,14,118.865,31.9447,39.0
1505,14,118.8631,32.362,12.0
1506,14,118.9335,32.1074,54.0
1507,14,118.8234,31.9723,168.0
1508,14,118.7405,32.0847,15.0
1509,14,118.8775,32.0428,33.0
1510,14,118.8154,32.1018,13.0
1511,14,118.8964,31.8899,80.0
1512,14,118.7587,32.0814,106.0
1513,14,118.8838,32.1588,10.0
1514,14,118.7999,31.9309,54.0
1515,14,118.8202,32.324,11.0
1516,14,118.8675,31.9699,28.0
1517,14,118.8187,32.0787,15.0
1518,14,118.9577,32.1079,30.0
1519,14,118.8087,32.0195,47.0
1520,14,118.7942,32.0438,347.0
1521,14,118.7626,32.0257,10.0
1522,14,118.7621,32.0158,10.0
1523,14,118.8783,31.9875,27.0
1524,14,118.8499,31.9611,71.0
1525,14,118.9025,32.0572,38.0
1526,14,118.8207,32.1224,10.0
1527,14,118.8127,31.9385,21.0
1528,14,118.8288,32.3332,37.0
1529,14,118.7031,32.1705,38.0
1530,14,118.8521,31.9411,6.0
1531,14,118.7306,31.9953,87.0
1532,14,118.9419,32.1217,10.0
1533,14,118.744,32.0977,94.0
1534,14,118.9468,32.1384,69.0
1535,14,118.8301,32.0561,10.0
1536,14,118.8307,31.9422,62.0
1537,14,118.7418,32.0594,37.0
1538,14,118.848,32.3447,20.0
1539,14,118.7468,31.9957,337.0
1540,14,118.6568,32.0684,20.0
1541,14,118.8507,31.9158,92.0
1542,14,118.8113,32.0911,21.0
1543,14,118.8284,32.0902,129.0
1544,14,118.8475,32.0253,70.0
1545,14,118.8134,31.9134,15.0
1546,14,118.8994,32.1377,16.0
1547,14,118.9987,31.9369,30.0
1548,14,118.7914,32.053,254.0
1549,14,118.8294,31.9082,40.0
1550,14,118.9282,32.1221,10.0
1551,14,118.7345,32.0117,124.0
1552,14,118.7801,31.9996,12.0
1553,14,118.7994,31.9081,10.0
1554,14,118.7357,32.0452,26.0
1555,14,118.8551,32.0326,41.0
1556,14,118.745,32.034,53.0
1557,14,118.7388,32.1452,27.0
1558,14,118.7865,32.1116,66.0
1559,14,118.8273,31.9589,29.0
1560,14,118.8166,32.038,58.0
1561,14,118.7431,32.0221,26.0
1562,14,118.8454,32.3561,34.0
1563,14,118.797,32.0218,23.0
1564,14,118.8847,31.9562,36.0
1565,14,118.6478,32.0807,39.0
1566,14,118.7914,32.0295,53.0
1567,14,118.646,31.9524,38.0
1568,14,118.9148,32.0864,10.0
1569,14,118.6418,32.0905,14.0
1570,14,118.8185,31.9895,37.0
1571,14,118.9556,32.1552,14.0
1572,14,118.8813,31.941,25.0
1573,14,118.8771,32.0164,10.0
1574,14,118.7932,32.0673,26.0
1575,14,118.7688,31.9984,10.0
1576,14,118.8395,31.9774,40.0
1577,14,118.7507,32.0467,114.0
1578,14,118.8249,32.1128,45.0
1579,14,118.8322,32.3547,10.0
1580,14,118.6302,32.0642,67.0
1581,14,118.8445,32.3358,61.0
1582,14,118.9064,31.9187,20.0
1583,14,118.793,31.9837,92.0
1584,14,118.9079,32.0468,21.0
1585,14,118.6211,32.0818,8.0
1586,14,118.9059,32.0933,235.0
1587,14,118.7381,31.9573,23.0
1588,14,118.7757,31.8915,20.0
1589,14,118.7701,32.0782,47.0
1590,14,118.718,31.9901,10.0
1591,14,118.913,32.1272,32.0
1592,14,119.0024,32.1396,44.0
1593,14,118.8708,32.0265,39.0
1594,14,118.8038,32.0598,10.0
1595,14,118.7722,32.2392,18.0
1596,14,118.7611,32.0904,10.0
1597,14,118.7847,32.0373,31.0
1598,14,118.8353,31.8415,50.0
1599,14,118.9362,32.1294,64.0
1600,14,118.6229,32.0511,24.0
1601,14,118.7474,32.0709,26.0
1602,14,118.7816,32.0135,13.0
1603,14,118.6425,32.0713,118.0
1604,14,118.9002,32.0725,30.0
1605,14,118.8212,31.9508,7.0
1606,15,118.7894,32.0315,13.0
1607,15,119.037,31.6641,9.0
1608,15,118.781,32.0139,37.0
1609,15,118.8476,32.3349,6.0
1610,15,118.8426,32.1102,11.0
1611,15,118.8698,31.9732,14.0
1612,15,118.8677,32.0985,30.0
1613,15,118.7959,31.9887,22.0
1614,15,118.6197,32.0655,53.0
1615,15,118.8158,32.0991,86.0
1616,15,118.7366,32.0049,149.0
1617,15,118.7974,32.0508,51.0
1618,15,118.733,32.1347,94.0
1619,15,118.7508,32.064,139.0
1620,15,118.7467,32.1543,10.0
1621,15,119.0163,32.1398,28.0
1622,15,118.7838,31.9709,16.0
1623,15,118.7404,32.0189,40.0
1624,15,118.6444,32.0556,52.0
1625,15,118.7767,31.9049,43.0
1626,15,118.8438,31.926,27.0
1627,15,118.7621,32.0605,21.0
1628,15,118.8073,31.9122,21.0
1629,15,118.7288,32.0399,19.0
1630,15,118.8658,32.1161,88.0
1631,15,118.6412,32.0695,18.0
1632,15,118.8888,32.085,12.0
1633,15,118.7943,32.0416,205.0
1634,15,118.8827,31.9688,16.0
1635,15,118.6288,32.0591,31.0
1636,15,118.9158,32.1206,34.0
1637,15,118.7398,32.061,21.0
1638,15,118.8992,32.0912,195.0
1639,15,118.8616,32.3638,29.0
1640,15,119.01,32.1492,10.0
1641,15,118.8174,32.338,23.0
1642,15,118.8383,31.8489,52.0
1643,15,118.788,31.9236,44.0
1644,15,118.7811,32.0738,94.0
1645,15,118.9581,32.1232,45.0
1646,15,118.8947,32.1388,22.0
1647,15,118.8279,31.9366,10.0
1648,15,118.8452,32.3481,18.0
1649,15,118.7414,32.051,25.0
1650,15,118.86,31.9663,76.0
1651,15,118.7642,31.9641,16.0
1652,15,118.8326,32.0473,22.0
1653,15,118.8964,32.1574,35.0
1654,15,118.7631,32.0251,47.0
1655,15,118.8592,32.0617,26.0
1656,15,118.7045,32.1089,18.0
1657,15,118.7955,31.8966,76.0
1658,15,118.8001,32.0597,23.0
1659,15,118.7016,31.9708,19.0
1660,15,118.7771,31.9823,121.0
1661,15,118.8058,32.0231,40.0
1662,15,118.9301,32.0694,44.0
1663,15,118.8161,32.109,74.0
1664,15,118.8284,32.0902,20.0
1665,15,118.9009,32.056,20.0
1666,15,118.8507,32.0563,25.0
1667,15,118.9419,32.1211,10.0
1668,15,118.8351,31.98,31.0
1669,15,118.8839,31.9836,43.0
1670,15,119.0524,31.6688,10.0
1671,15,118.7683,32.0871,73.0
1672,15,118.8422,31.9573,71.0
1673,15,118.6772,32.1021,18.0
1674,15,118.889,31.7085,100.0
1675,15,118.7967,32.0946,20.0
1676,15,118.6185,32.0806,6.0
1677,15,118.7284,31.9749,20.0
1678,15,118.6387,32.09,21.0
1679,15,118.8371,31.943,171.0
1680,15,118.7479,32.0848,172.0
1681,15,118.9438,32.1032,17.0
1682,15,118.8245,31.928,6.0
1683,15,118.8139,32.0468,328.0
1684,15,118.7738,32.0541,121.0
1685,15,118.8145,31.9048,188.0
1686,15,118.8876,32.0958,41.0
1687,15,118.9459,32.1305,108.0
1688,15,118.8349,31.8737,67.0
1689,15,118.9296,32.1258,76.0
1690,15,118.7875,31.9146,53.0
1691,15,119.0263,31.6437,15.0
1692,15,118.8062,31.9837,70.0
1693,15,119.1096,31.6982,25.0
1694,15,118.7718,32.0186,10.0
1695,15,118.8127,32.0868,23.0
1696,15,118.8845,32.1246,141.0
1697,15,118.8333,31.9013,12.0
1698,15,118.8246,31.8547,17.0
1699,15,118.7806,32.0254,20.0
1700,15,118.8084,31.9462,64.0
1701,15,118.8473,31.9382,32.0
1702,15,118.761,32.0942,33.0
1703,15,118.732,32.0297,31.0
1704,15,118.8779,32.0016,22.0
1705,15,118.7767,32.1096,20.0
1706,15,119.0283,31.6698,16.0
1707,15,118.7873,32.0993,67.0
1708,15,118.7484,31.9924,20.0
1709,15,118.8585,32.3464,27.0
1710,15,118.8051,31.9592,12.0
1711,15,118.9919,32.1388,13.0
1712,15,118.6544,32.0727,44.0
1713,15,118.8266,31.9881,31.0
1714,15,118.7978,31.9357,86.0
1715,15,118.8005,32.0342,84.0
1716,15,118.8117,31.8515,13.0
1717,15,118.7499,32.0982,12.0
1718,15,118.7849,32.053,225.0
1719,15,118.8794,31.9507,46.0
1720,15,118.8722,31.9628,6.0
1721,15,118.7873,32.249,54.0
1722,15,118.7667,31.9754,59.0
1723,15,118.9221,32.1007,35.0
1724,15,118.8555,31.9566,48.0
1725,15,118.9305,32.1077,120.0
1726,15,118.7434,32.0396,305.0
1727,15,118.779,32.0875,11.0
1728,15,118.7507,32.0143,52.0
1729,15,118.845,31.9721,14.0
1730,15,119.038,31.6549,10.0
1731,15,118.8667,32.0394,27.0
1732,15,118.8543,32.1126,16.0
1733,15,118.8667,32.0215,23.0
1734,15,118.7688,31.9908,10.0
1735,15,118.7939,31.9488,31.0
1736,15,118.8456,32.0181,23.0
1737,15,118.8355,32.1326,20.0
1738,15,118.7349,31.9852,23.0
1739,15,118.8303,32.1413,20.0
1740,15,118.7759,32.0394,78.0
1741,15,118.7693,32.003,44.0
1742,15,118.7977,31.977,19.0
1743,15,118.8234,32.0376,41.0
1744,15,118.8253,32.0738,79.0
1745,15,118.7546,32.0447,62.0
1746,15,118.8272,31.9497,39.0
1747,15,118.8798,32.1441,69.0
1748,15,118.7287,32.1455,15.0
1749,15,118.7508,31.9631,10.0
1750,15,118.7896,32.0615,155.0
1751,15,118.8649,31.9434,27.0
1752,15,118.6214,32.0498,12.0
1753,15,118.8557,32.0433,55.0
1754,15,118.8837,31.9418,11.0
1755,15,118.8792,32.1607,12.0
1756,15,118.8489,32.1294,10.0
1757,15,118.7624,32.0708,64.0
1758,15,118.8598,32.0293,66.0
1759,15,118.7368,31.9951,247.0
1760,15,118.955,32.1143,60.0
1761,15,118.5502,31.9784,260.0
1762,16,119.102,31.6851,10.0
1763,16,118.8454,32.3344,24.0
1764,16,118.7623,32.067,109.0
1765,16,118.8991,32.1576,103.0
1766,16,118.6157,32.062,25.0
1767,16,118.8614,32.1498,27.0
1768,16,118.7702,32.0771,126.0
1769,16,118.9206,32.1126,135.0
1770,16,118.7261,32.1245,20.0
1771,16,118.809,32.003,16.0
1772,16,118.8848,31.9541,17.0
1773,16,118.8309,32.0452,101.0
1774,16,118.7575,32.0365,127.0
1775,16,118.9454,32.1097,109.0
1776,16,118.7261,32.0247,10.0
1777,16,119.0365,31.6639,10.0
1778,16,118.6248,32.0532,6.0
1779,16,118.7948,32.0453,613.0
1780,16,118.7248,32.1608,38.0
1781,16,118.8025,31.9349,74.0
1782,16,118.9116,31.9413,10.0
1783,16,118.8734,31.9274,125.0
1784,16,118.8065,32.1027,59.0
1785,16,118.8483,32.0348,31.0
1786,16,118.6771,32.1018,14.0
1787,16,118.8223,32.0244,132.0
1788,16,118.7647,32.0849,75.0
1789,16,118.8149,32.0166,21.0
1790,16,118.7735,32.0367,115.0
1791,16,118.8714,32.101,72.0
1792,16,118.9221,32.0663,12.0
1793,16,118.7469,32.0306,21.0
1794,16,118.7811,31.9831,22.0
1795,16,118.8826,31.7371,155.0
1796,16,118.8294,31.8999,24.0
1797,16,118.886,32.0029,17.0
1798,16,118.7382,32.0175,27.0
1799,16,118.7923,32.0262,70.0
1800,16,118.6207,32.0784,37.0
1801,16,119.0703,31.675,10.0
1802,16,118.7914,31.9492,69.0
1803,16,118.8958,32.0512,42.0
1804,16,118.841,32.1091,42.0
1805,16,118.7555,32.0217,10.0
1806,16,118.8292,32.0904,92.0
1807,16,118.6019,31.8452,94.0
1808,16,118.7595,31.9784,51.0
1809,16,118.7971,31.898,111.0
1810,16,118.6148,32.038,10.0
1811,16,118.7329,32.0038,130.0
1812,16,118.6415,32.0906,39.0
1813,16,118.828,32.0321,41.0
1814,16,118.7941,32.0037,42.0
1815,16,118.8337,31.9338,50.0
1816,16,118.8556,32.1357,14.0
1817,16,118.8278,31.9504,86.0
1818,16,118.8803,32.0217,13.0
1819,16,118.8021,32.0618,263.0
1820,16,118.8639,31.9639,73.0
1821,16,118.8142,32.057,10.0
1822,16,119.005,32.1335,9.0
1823,16,118.7891,32.0847,645.0
1824,16,118.6729,31.9094,57.0
1825,16,118.909,31.3359,6.0
1826,16,118.7509,32.0922,80.0
1827,16,118.9025,32.0919,67.0
1828,16,118.849,32.3464,38.0
1829,16,118.8677,31.9409,81.0
1830,16,118.8758,32.1402,20.0
1831,16,118.7279,32.1708,10.0
1832,16,118.8283,31.8763,11.0
1833,16,118.7363,32.0355,166.0
1834,16,118.8044,31.916,16.0
1835,16,118.7869,31.8519,46.0
1836,16,118.8136,32.0853,12.0
1837,16,118.9337,32.1097,20.0
1838,16,118.7506,31.9646,23.0
1839,16,118.7385,32.063,22.0
1840,16,118.8671,32.0347,29.0
1841,16,118.8468,31.9172,35.0
1842,16,118.8255,32.1478,45.0
1843,16,118.6524,32.0648,32.0
1844,16,118.9141,32.1039,11.0
1845,16,118.8232,32.0785,112.0
1846,16,118.9609,32.1337,37.0
1847,16,118.7846,32.053,250.0
1848,16,118.8002,32.0936,66.0
1849,16,118.9465,32.1371,156.0
1850,16,118.8762,31.991,22.0
1851,16,118.8843,32.1499,66.0
1852,16,118.8346,31.8891,128.0
1853,16,118.772,32.0022,20.0
1854,16,118.7963,32.1099,22.0
1855,16,118.6418,32.0715,43.0
1856,16,118.8153,31.9487,10.0
1857,16,118.7869,32.0965,10.0
1858,16,118.638,32.0575,12.0
1859,16,118.9285,32.1222,70.0
1860,16,118.7753,32.099,64.0
1861,16,118.7893,32.0135,61.0
1862,16,118.8726,32.1517,260.0
1863,16,118.8956,31.9327,27.0
1864,16,118.82,32.102,34.0
1865,16,118.6517,32.0782,6.0
1866,16,118.8247,32.1299,101.0
1867,16,118.748,32.0526,19.0
1868,16,118.9142,32.1438,51.0
1869,16,118.9019,32.0638,55.0
1870,16,118.9012,32.1235,70.0
1871,16,118.9235,31.9064,10.0
1872,16,118.6314,32.0649,27.0
1873,16,118.8857,32.1233,55.0
1874,16,118.8641,32.354,14.0
1875,16,118.7773,32.0622,95.0
1876,16,118.7864,31.9938,97.0
1877,16,118.8894,32.0935,127.0
1878,16,118.7481,32.0058,59.0
1879,16,118.8515,31.9564,103.0
1880,16,118.8137,32.0464,42.0
1881,16,118.7898,32.0645,154.0
1882,16,118.8039,32.0347,59.0
1883,16,118.7858,32.0404,87.0
1884,16,118.9012,31.9626,20.0
1885,16,118.6639,32.0786,88.0
1886,16,118.8063,31.9927,33.0
1887,16,118.7885,31.911,25.0
1888,16,118.7496,32.0711,32.0
1889,16,118.8252,31.9229,43.0
1890,16,118.8189,32.3396,15.0
1891,16,118.9018,32.0771,66.0
1892,16,118.8477,32.0965,10.0
1893,16,118.8941,32.1331,50.0
1894,16,118.8849,32.3428,8.0
1895,16,118.7217,31.9778,185.0
1896,16,118.7667,32.028,15.0
1897,16,118.7408,32.129,44.0
1898,16,118.7676,32.0454,55.0
1899,16,118.7388,32.045,36.0
1900,16,118.8485,32.0196,26.0
1901,16,118.8516,31.9377,60.0
1902,16,118.8386,32.3598,8.0
1903,16,118.7241,32.1344,16.0
1904,16,118.8673,32.023,42.0
1905,16,118.7909,32.2933,20.0
1906,16,118.7814,32.0729,16.0
1907,16,118.7692,31.9857,31.0
1908,16,118.7386,31.995,35.0
1909,17,118.8519,32.0311,71.0
1910,17,118.9192,32.106,141.0
1911,17,118.8688,32.3419,9.0
1912,17,118.6588,31.9267,40.0
1913,17,118.8884,31.9365,10.0
1914,17,118.7327,32.0155,104.0
1915,17,118.7248,32.1357,26.0
1916,17,119.0457,31.6439,6.0
1917,17,118.7785,32.0738,213.0
1918,17,118.8096,31.9438,12.0
1919,17,118.7904,32.0565,508.0
1920,17,118.8084,31.9603,21.0
1921,17,118.8174,32.0148,57.0
1922,17,118.8524,32.0519,64.0
1923,17,119.0288,31.6818,10.0
1924,17,118.7547,32.0631,49.0
1925,17,118.8302,31.8749,24.0
1926,17,118.7943,31.9495,46.0
1927,17,118.8465,32.3353,15.0
1928,17,118.8389,31.9162,11.0
1929,17,118.8588,32.3704,28.0
1930,17,118.7959,31.8726,62.0
1931,17,118.8126,31.9135,56.0
1932,17,118.8228,31.9616,38.0
1933,17,118.8334,31.8901,81.0
1934,17,119.037,31.6992,35.0
1935,17,118.8943,31.9966,32.0
1936,17,118.6666,32.0725,13.0
1937,17,118.8943,32.1617,63.0
1938,17,118.8347,31.9589,62.0
1939,17,118.8949,31.9496,16.0
1940,17,118.873,32.0283,16.0
1941,17,118.7698,32.0585,233.0
1942,17,118.8759,31.9232,36.0
1943,17,119.0141,32.1306,10.0
1944,17,118.8292,31.9739,38.0
1945,17,118.9034,31.9718,10.0
1946,17,118.7287,32.0399,47.0
1947,17,118.8035,32.0142,74.0
1948,17,119.052,31.669,25.0
1949,17,118.776,32.028,33.0
1950,17,118.6923,31.9853,35.0
1951,17,118.8526,31.9013,16.0
1952,17,118.8165,32.1075,123.0
1953,17,118.8461,32.0408,62.0
1954,17,118.9033,32.0768,24.0
1955,17,118.9053,32.141,22.0
1956,17,118.9077,32.0468,10.0
1957,17,118.7541,32.0527,39.0
1958,17,118.8894,32.0762,47.0
1959,17,118.7722,32.099,68.0
1960,17,118.7886,31.9916,102.0
1961,17,119.0192,31.6374,6.0
1962,17,118.9101,32.0908,61.0
1963,17,118.8592,32.3519,25.0
1964,17,118.8504,31.9141,15.0
1965,17,118.884,32.1742,51.0
1966,17,118.8802,32.1158,13.0
1967,17,118.8479,31.8912,13.0
1968,17,118.8813,32.1296,20.0
1969,17,118.7817,32.1187,24.0
1970,17,118.8989,32.0928,115.0
1971,17,118.91,32.1623,37.0
1972,17,118.6386,32.0973,30.0
1973,17,118.9439,32.1045,114.0
1974,17,118.7853,31.9089,23.0
1975,17,118.8455,32.1072,49.0
1976,17,118.8549,32.113,14.0
1977,17,118.8084,32.0051,77.0
1978,17,118.8436,31.9264,10.0
1979,17,118.8695,31.9315,10.0
1980,17,118.9181,32.1212,10.0
1981,17,118.8282,31.9356,251.0
1982,17,118.8303,32.0872,31.0
1983,17,118.769,32.0876,148.0
1984,17,118.89,32.0978,301.0
1985,17,118.827,32.1434,45.0
1986,17,118.6179,32.0655,83.0
1987,17,118.8345,32.1077,47.0
1988,17,118.7873,31.9581,21.0
1989,17,118.6348,32.0567,170.0
1990,17,118.8252,32.0645,25.0
1991,17,118.7697,31.9658,40.0
1992,17,118.8172,32.1287,10.0
1993,17,118.8546,31.9547,140.0
1994,17,118.8263,32.134,115.0
1995,17,118.8716,31.9647,55.0
1996,17,118.8595,32.024,43.0
1997,17,118.862,31.9687,71.0
1998,17,118.8056,31.9952,22.0
1999,17,118.8943,32.051,30.0
2000,17,118.8183,32.0764,80.0
2001,17,118.8946,31.3354,12.0
2002,17,118.828,31.949,28.0
2003,17,118.7049,32.118,20.0
2004,17,118.6301,32.0751,15.0
2005,17,118.7594,32.0423,50.0
2006,17,118.7214,31.98,18.0
2007,17,118.9189,31.9651,24.0
2008,17,118.9128,32.1292,12.0
2009,17,118.6545,32.0726,10.0
2010,17,118.8875,32.1403,97.0
2011,17,118.7802,31.9691,22.0
2012,17,118.7927,32.0087,31.0
2013,17,119.0422,31.6532,14.0
2014,17,118.8248,32.0959,33.0
2015,17,118.7325,32.0026,239.0
2016,17,118.81,32.0602,55.0
2017,17,118.7901,32.066,353.0
2018,17,118.8037,32.0912,59.0
2019,17,118.8951,32.0394,53.0
2020,17,118.7041,32.1056,20.0
2021,17,118.9584,32.1476,10.0
2022,17,118.7408,31.9952,188.0
2023,17,118.7211,31.9929,124.0
2024,17,118.7563,31.9654,46.0
2025,17,118.9301,32.0694,45.0
2026,17,118.7935,31.9834,146.0
2027,17,118.7361,31.9569,18.0
2028,17,119.0557,31.6406,15.0
2029,17,118.9291,32.1229,100.0
2030,17,118.8322,32.3525,16.0
2031,17,118.7771,32.0033,61.0
2032,17,118.9326,32.11,138.0
2033,17,118.9301,32.1321,11.0
2034,17,118.716,32.0175,40.0
2035,17,118.867,32.0125,108.0
2036,17,118.7459,32.032,75.0
2037,17,118.8946,32.1325,48.0
2038,17,118.8086,31.8555,49.0
2039,17,118.8088,32.0469,182.0
2040,17,118.8032,32.0325,33.0
2041,17,118.6318,32.0654,6.0
2042,17,118.8831,31.9468,43.0
2043,17,118.7063,32.031,28.0
2044,17,118.9121,31.9016,22.0
2045,17,118.7554,31.9948,52.0
2046,17,118.948,32.1388,38.0
2047,17,118.8199,32.0315,53.0
2048,17,118.7694,32.0688,20.0
2049,17,118.7195,32.0039,25.0
2050,17,118.71,31.9698,17.0
2051,17,118.7641,32.2411,491.0
2052,17,118.7491,32.0995,57.0
2053,17,118.6683,31.9625,159.0
2054,17,118.842,31.8471,40.0
2055,17,118.8287,31.9031,59.0
2056,17,118.6715,31.9519,50.0
2057,17,118.8535,31.933,160.0
2058,17,118.7557,32.0895,88.0
2059,17,118.7755,31.9843,153.0
2060,17,119.0013,32.1404,44.0
2061,17,118.8751,32.1544,250.0
2062,17,118.8024,31.9348,150.0
2063,17,118.7729,32.0414,185.0
2064,17,118.717,32.1755,16.0
2065,17,118.7431,32.0611,37.0
2066,17,118.7833,32.0902,230.0
2067,17,118.8152,31.9351,7.0
2068,17,118.8307,32.0273,23.0
2069,17,118.6409,32.0705,2125.0
2070,17,118.6478,32.0807,103.0
2071,17,119.121,31.7035,60.0
2072,17,118.8313,32.0455,116.0
2073,17,118.7532,32.0184,58.0
2074,17,118.9118,31.9153,84.0
2075,17,118.8849,32.3426,9.0
2076,17,118.7884,32.1097,14.0
2077,17,118.7839,31.892,30.0
2078,17,118.7922,32.0443,352.0
2079,17,118.7435,32.0223,81.0
2080,17,118.8627,32.1498,54.0
2081,17,118.787,31.8445,20.0
2082,17,118.8852,32.1495,64.0
2083,17,118.9023,32.0578,38.0
2084,17,118.8195,32.3351,170.0
2085,17,118.6485,32.0618,6.0
2086,17,118.6869,32.11,21.0
2087,17,118.7372,32.0489,133.0
2088,17,118.9419,32.1214,21.0
2089,17,118.7885,32.0298,272.0
2090,17,118.8747,32.1401,43.0
2091,17,118.8046,31.985,43.0
2092,17,118.8464,32.1219,24.0
2093,17,118.8453,32.3491,54.0
2094,18,118.7021,31.9745,12.0
2095,18,118.6715,31.9313,25.0
2096,18,118.8168,32.1086,101.0
2097,18,118.7541,32.0203,41.0
2098,18,118.7942,32.0133,115.0
2099,18,118.8927,32.1719,48.0
2100,18,118.8224,32.0314,18.0
2101,18,118.6691,31.9151,34.0
2102,18,118.7691,31.9661,24.0
2103,18,118.836,32.0255,22.0
2104,18,119.1,31.6898,45.0
2105,18,118.6844,31.9465,25.0
2106,18,118.7639,32.0577,156.0
2107,18,118.8516,32.3567,12.0
2108,18,118.8751,31.968,46.0
2109,18,118.8276,31.9589,27.0
2110,18,118.804,32.0489,146.0
2111,18,118.8664,31.9113,9.0
2112,18,118.655,32.0711,37.0
2113,18,118.8825,32.1213,16.0
2114,18,118.8421,32.1161,10.0
2115,18,118.8091,32.0029,35.0
2116,18,118.7893,32.0379,306.0
2117,18,118.7297,32.0304,18.0
2118,18,118.6385,32.0581,174.0
2119,18,118.8567,32.3652,6.0
2120,18,118.8318,31.9504,105.0
2121,18,118.7959,32.0032,32.0
2122,18,118.7897,31.9486,40.0
2123,18,118.9116,31.9312,19.0
2124,18,118.7477,32.0638,53.0
2125,18,118.8154,32.0777,10.0
2126,18,118.7808,31.9974,13.0
2127,18,118.8251,32.3263,7.0
2128,18,118.9008,31.8935,24.0
2129,18,118.8964,31.9969,14.0
2130,18,118.8633,32.1567,72.0
2131,18,118.7603,32.0287,36.0
2132,18,118.7552,32.2279,140.0
2133,18,118.7272,31.9917,88.0
2134,18,118.7639,32.0375,33.0
2135,18,118.8177,31.9349,25.0
2136,18,118.8347,31.8748,100.0
2137,18,118.7991,31.913,97.0
2138,18,118.7978,31.96,20.0
2139,18,118.8911,32.1619,145.0
2140,18,118.8666,31.9584,14.0
2141,18,118.8447,32.0386,54.0
2142,18,118.7776,31.8885,20.0
2143,18,118.6171,32.048,8.0
2144,18,118.8008,32.0341,41.0
2145,18,118.7929,32.0683,21.0
2146,18,118.8479,32.3434,35.0
2147,18,119.0869,32.0377,57.0
2148,18,118.8105,32.0641,32.0
2149,18,118.7901,32.0778,250.0
2150,18,118.8728,31.9267,60.0
2151,18,118.8652,32.1049,20.0
2152,18,118.9251,31.9399,12.0
2153,18,118.9146,32.12,20.0
2154,18,118.8094,31.9084,17.0
2155,18,118.928,32.1085,92.0
2156,18,118.7418,31.9882,69.0
2157,18,118.9113,32.0882,37.0
2158,18,118.8977,32.0642,30.0
2159,18,118.8889,32.1104,25.0
2160,18,118.8299,32.1233,12.0
2161,18,119.0345,31.6392,13.0
2162,18,118.7483,32.0053,57.0
2163,18,118.7281,32.0204,33.0
2164,18,118.7466,32.0508,167.0
2165,18,118.8497,31.9586,34.0
2166,18,118.6291,32.0659,6.0
2167,18,118.7816,31.9792,159.0
2168,18,118.8228,31.9707,15.0
2169,18,118.7691,31.9973,86.0
2170,18,118.7583,32.0469,45.0
2171,18,118.7052,32.1681,18.0
2172,18,118.8859,32.135,45.0
2173,18,118.9216,32.1011,43.0
2174,18,118.8139,31.9456,36.0
2175,18,118.8592,32.0407,80.0
2176,18,118.8969,31.9385,73.0
2177,18,118.8728,32.0441,35.0
2178,18,118.855,32.0238,13.0
2179,18,118.7062,32.1181,23.0
2180,18,118.9457,32.1376,15.0
2181,18,118.808,31.9921,24.0
2182,18,118.803,31.95,106.0
2183,18,119.0444,31.6463,10.0
2184,18,118.7508,32.0905,28.0
2185,18,118.8534,31.9447,28.0
2186,18,118.7753,32.0946,152.0
2187,18,118.933,32.1274,100.0
2188,18,118.7867,32.0895,53.0
2189,18,118.6389,32.0897,8.0
2190,18,118.782,32.0692,92.0
2191,18,118.7906,32.0535,173.0
2192,18,118.833,31.9058,43.0
2193,18,118.8005,32.0598,65.0
2194,18,118.6409,32.0808,32.0
2195,18,118.7604,32.1564,10.0
2196,18,118.7315,32.1448,25.0
2197,18,118.7513,32.2503,39.0
2198,18,118.7405,32.039,127.0
2199,18,118.8973,32.1302,29.0
2200,18,118.8186,32.0177,13.0
2201,18,118.8951,32.0175,57.0
2202,18,118.824,32.0427,103.0
2203,18,118.7696,31.9846,86.0
2204,18,118.8366,32.3433,32.0
2205,18,118.8018,31.9329,191.0
2206,18,118.8776,32.1545,135.0
2207,18,118.644,32.069,68.0
2208,18,118.6297,32.0762,43.0
2209,18,118.671,31.9541,70.0
2210,18,118.7742,32.0155,55.0
2211,18,118.7699,32.0821,95.0
2212,18,118.8645,31.9418,52.0
2213,18,118.8367,31.8933,159.0
2214,18,118.8855,32.0002,23.0
2215,18,118.7579,32.0749,76.0
2216,18,118.678,32.0649,15.0
2217,18,118.7287,32.041,58.0
2218,18,118.9089,31.3335,12.0
2219,18,118.8294,32.0847,57.0
2220,18,118.6181,32.0658,33.0
2221,18,118.8819,31.9536,28.0
2222,18,118.8331,32.133,10.0
2223,18,118.7852,32.0214,61.0
2224,18,118.8702,32.1435,37.0
2225,18,118.7975,31.8982,61.0
2226,18,118.7915,31.984,55.0
2227,18,118.7378,32.0025,347.0
2228,18,118.9029,31.9164,11.0
2229,18,118.6282,32.0494,6.0
2230,18,118.7714,32.0707,51.0
2231,18,118.781,32.0589,168.0
2232,18,118.841,32.1071,20.0
2233,18,118.9561,32.1586,20.0
2234,18,118.7731,32.0271,34.0
2235,18,118.8351,31.9401,34.0
2236,18,118.8852,32.0949,17.0
2237,18,118.7531,31.9845,99.0
2238,18,118.7859,31.9072,134.0
2239,18,118.7961,31.9921,57.0
2240,18,118.8604,31.968,6.0
2241,18,118.8469,32.0921,38.0
2242,18,118.7935,32.1195,19.0
2243,18,118.9013,32.0557,52.0
2244,18,118.7527,31.97,14.0
2245,18,118.9459,32.1097,75.0
2246,18,119.0001,32.1421,54.0
2247,18,118.8818,31.9405,27.0
2248,18,118.8413,32.3311,8.0
2249,18,118.8524,31.9343,17.0
2250,18,118.984,32.1222,10.0
2251,18,118.7482,32.0304,24.0
2252,18,118.7784,32.0396,114.0
2253,18,119.0136,32.149,12.0
2254,18,118.8507,31.9187,35.0
2255,18,118.7411,32.0193,193.0
2256,18,118.8984,32.0976,281.0
2257,19,118.7399,32.1566,36.0
2258,19,118.8267,32.3248,6.0
2259,19,118.7763,32.0783,72.0
2260,19,118.8215,31.9506,36.0
2261,19,118.7722,32.0432,53.0
2262,19,118.843,31.8937,50.0
2263,19,118.7205,32.1798,64.0
2264,19,118.7846,31.9817,11.0
2265,19,118.6338,32.0631,91.0
2266,19,118.8059,32.0388,85.0
2267,19,118.896,32.1298,49.0
2268,19,118.7569,31.9799,19.0
2269,19,118.7976,31.9,23.0
2270,19,118.7783,32.0985,43.0
2271,19,119.0015,32.1414,94.0
2272,19,118.8521,31.9368,90.0
2273,19,118.8324,32.3525,12.0
2274,19,118.7685,31.9672,10.0
2275,19,118.7951,32.0527,249.0
2276,19,118.8652,32.3354,13.0
2277,19,118.7374,32.0222,81.0
2278,19,118.8387,31.9261,18.0
2279,19,118.6718,31.9541,39.0
2280,19,118.9108,31.9339,27.0
2281,19,118.9658,32.1095,10.0
2282,19,118.7683,32.0718,17.0
2283,19,118.813,31.9375,12.0
2284,19,118.8825,31.9471,61.0
2285,19,118.8204,32.1253,81.0
2286,19,118.7462,31.9991,82.0
2287,19,118.8543,32.0583,26.0
2288,19,118.7716,31.903,56.0
2289,19,118.8426,32.1051,32.0
2290,19,118.9159,32.0736,34.0
2291,19,118.615,32.0613,41.0
2292,19,119.0733,32.0576,45.0
2293,19,118.7878,32.0427,24.0
2294,19,118.7316,32.0029,113.0
2295,19,118.9374,32.1089,57.0
2296,19,118.6534,31.9451,115.0
2297,19,118.9025,32.0769,47.0
2298,19,118.7698,32.1051,16.0
2299,19,118.8296,32.3352,6.0
2300,19,118.8595,32.3516,12.0
2301,19,118.6375,32.0717,25.0
2302,19,118.8363,32.1131,24.0
2303,19,118.8093,31.9936,26.0
2304,19,118.8283,31.9058,23.0
2305,19,118.8476,31.8451,61.0
2306,19,118.9169,32.1442,24.0
2307,19,118.7921,32.0802,60.0
2308,19,118.9001,32.0931,624.0
2309,19,118.6398,32.0511,12.0
2310,19,118.871,31.9435,8.0
2311,19,118.7467,32.0459,58.0
2312,19,118.9203,32.1123,24.0
2313,19,118.8828,32.0049,20.0
2314,19,118.8053,32.0043,126.0
2315,19,118.7703,32.0872,44.0
2316,19,118.7508,32.0973,23.0
2317,19,118.797,32.0617,14.0
2318,19,118.8252,32.0743,39.0
2319,19,118.8746,32.1548,196.0
2320,19,118.7625,32.0534,41.0
2321,19,118.9145,32.086,11.0
2322,19,118.7295,32.04,10.0
2323,19,118.7263,32.1237,24.0
2324,19,118.623,32.0514,15.0
2325,19,118.8173,32.0653,20.0
2326,19,118.8837,31.9578,61.0
2327,19,118.8459,32.1252,32.0
2328,19,118.834,32.1331,18.0
2329,19,118.8768,32.1425,69.0
2330,19,118.9399,32.1217,69.0
2331,19,118.8911,32.1619,125.0
2332,19,118.8431,32.3405,23.0
2333,19,118.7492,32.0623,142.0
2334,19,118.8286,31.9589,10.0
2335,19,118.8328,32.0822,32.0
2336,19,118.6204,32.0814,28.0
2337,19,118.7332,32.0513,78.0
2338,19,118.7606,32.0797,20.0
2339,19,118.7198,32.0244,15.0
2340,19,118.7447,32.074,20.0
2341,19,118.8436,31.9658,157.0
2342,19,118.9278,32.1285,47.0
2343,19,118.8046,31.9592,15.0
2344,19,118.8254,32.0455,38.0
2345,19,118.7577,32.069,36.0
2346,19,118.7998,31.938,65.0
2347,19,118.8502,31.9142,24.0
2348,19,118.9025,32.0564,28.0
2349,19,118.8816,32.0264,10.0
2350,19,118.7816,32.0639,152.0
2351,19,118.6391,32.0898,32.0
2352,19,118.7937,31.8747,40.0
2353,19,118.8523,32.0412,22.0
2354,19,118.8402,32.0917,19.0
2355,19,118.846,32.355,22.0
2356,19,118.753,32.0334,10.0
2357,19,118.6623,32.0929,16.0
2358,19,118.8018,32.099,22.0
2359,19,118.6085,32.0277,10.0
2360,19,118.9901,32.1258,10.0
2361,19,118.9225,32.1005,110.0
2362,19,118.7278,31.9723,45.0
2363,19,118.8835,32.129,53.0
2364,19,118.7773,32.0319,50.0
2365,19,118.7568,32.024,51.0
2366,19,118.7419,31.9881,46.0
2367,19,118.8574,31.9617,103.0
2368,19,118.8275,31.9374,7.0
2369,19,118.6666,31.938,37.0
2370,19,118.8729,32.1682,43.0
2371,19,118.8393,31.9062,18.0
2372,19,118.8276,32.0902,13.0
2373,19,118.7601,31.993,29.0
2374,19,118.7954,32.0242,104.0
2375,19,118.8706,31.987,13.0
2376,19,118.6547,32.0732,63.0
2377,19,118.8379,32.0427,22.0
2378,19,118.8171,32.114,35.0
2379,19,118.8349,31.976,46.0
2380,19,118.7731,31.9862,63.0
2381,19,118.7936,31.9507,10.0
2382,19,118.7973,31.9226,69.0
2383,19,118.9842,31.8659,20.0
2384,19,118.7905,32.0698,12.0
2385,19,118.8151,32.0803,76.0
2386,19,118.7478,32.0084,25.0
2387,19,118.7938,31.9894,71.0
2388,20,118.8365,31.8951,40.0
2389,20,118.8351,31.9762,58.0
2390,20,118.7789,32.0515,306.0
2391,20,118.8528,31.9188,23.0
2392,20,119.0298,31.6961,120.0
2393,20,118.7677,31.9979,36.0
2394,20,118.7981,31.8983,40.0
2395,20,118.8768,32.1556,154.0
2396,20,118.8955,31.9256,51.0
2397,20,118.9013,32.0556,47.0
2398,20,118.8028,31.8778,26.0
2399,20,118.7908,32.0604,73.0
2400,20,118.8523,32.0292,31.0
2401,20,118.644,32.0558,12.0
2402,20,118.8048,31.991,38.0
2403,20,118.8854,32.1373,99.0
2404,20,118.9435,32.1119,10.0
2405,20,118.8555,31.9308,15.0
2406,20,118.8047,32.057,35.0
2407,20,119.044,31.6653,10.0
2408,20,118.8089,31.9502,119.0
2409,20,118.8385,32.1138,75.0
2410,20,118.7927,31.9256,91.0
2411,20,118.7984,32.0389,197.0
2412,20,118.818,31.9355,44.0
2413,20,118.6279,32.0611,87.0
2414,20,118.8219,32.0815,52.0
2415,20,118.6261,32.0806,6.0
2416,20,118.7708,32.0607,28.0
2417,20,118.7892,32.0799,82.0
2418,20,118.9408,32.1236,88.0
2419,20,118.7447,32.0741,17.0
2420,20,118.827,32.1313,24.0
2421,20,118.8071,31.9122,45.0
2422,20,118.8334,31.9429,35.0
2423,20,118.8176,31.9197,15.0
2424,20,118.8993,32.1578,107.0
2425,20,118.8697,31.9638,6.0
2426,20,119.0333,31.6635,15.0
2427,20,118.9118,32.0852,20.0
2428,20,118.8951,32.0176,27.0
2429,20,118.8503,31.9528,103.0
2430,20,118.8419,31.8467,35.0
2431,20,118.7329,32.0038,145.0
2432,20,118.9558,32.0695,28.0
2433,20,118.7869,31.961,21.0
2434,20,118.9257,32.1051,178.0
2435,20,118.8071,32.0188,34.0
2436,20,118.9293,32.1224,41.0
2437,20,118.8474,31.9379,9.0
2438,20,118.7678,32.0836,135.0
2439,20,118.7605,32.0694,150.0
2440,20,118.8448,32.3468,21.0
2441,20,118.8984,32.0976,335.0
2442,20,118.9435,32.1024,76.0
2443,20,118.7034,32.1681,115.0
2444,20,118.7455,32.0331,35.0
2445,20,118.828,32.0323,79.0
2446,20,118.7598,32.0448,95.0
2447,20,118.8557,32.0433,71.0
2448,20,118.8214,32.0158,17.0
2449,20,118.8164,32.1085,68.0
2450,20,118.8385,31.958,8.0
2451,20,118.7809,32.0728,142.0
2452,20,118.7445,31.9957,33.0
2453,20,118.9148,32.1038,10.0
2454,20,118.778,32.03,60.0
2455,20,118.859,32.3521,31.0
2456,20,118.8125,31.9766,34.0
2457,20,118.8693,32.0275,32.0
2458,20,119.0275,31.6831,15.0
2459,20,118.7914,31.9505,43.0
2460,20,118.8846,31.9537,19.0
2461,20,118.7462,32.0637,157.0
2462,20,118.8418,31.917,26.0
2463,20,118.8601,32.1516,27.0
2464,20,118.7992,32.0,44.0
2465,20,118.7723,31.9817,67.0
2466,20,118.8813,32.0263,32.0
2467,20,118.7881,31.9968,24.0
2468,20,118.8156,32.0356,114.0
2469,20,118.9138,32.1292,10.0
2470,20,118.8877,32.1245,48.0
2471,20,118.731,32.1447,93.0
2472,20,118.8028,31.9346,69.0
2473,20,118.9995,32.1399,92.0
2474,20,118.615,32.0684,6.0
2475,20,118.7767,31.9124,125.0
2476,20,118.9112,32.0171,60.0
2477,20,118.8624,32.1426,28.0
2478,20,118.7519,32.0868,29.0
2479,20,118.7257,32.1659,35.0
2480,20,118.7579,31.9794,132.0
2481,20,118.7667,31.9648,27.0
2482,20,118.8354,31.8746,39.0
2483,20,118.7672,32.0948,21.0
2484,20,118.6423,31.9086,71.0
2485,20,118.741,32.0178,70.0
2486,20,118.7959,31.9769,28.0
2487,20,118.6412,32.0827,14.0
2488,20,118.7365,32.0443,77.0
2489,20,118.8585,31.9685,112.0
2490,20,118.8594,31.9479,26.0
2491,20,118.8895,32.0883,10.0
2492,20,118.7948,32.0201,85.0
2493,20,118.7893,32.0483,137.0
2494,20,118.9309,32.1409,10.0
2495,20,118.8815,31.9403,210.0
2496,20,118.6455,32.0739,17.0
2497,20,118.8059,32.0477,186.0
2498,20,118.7605,32.0169,73.0
2499,20,118.7726,32.0154,28.0
2500,20,118.8276,31.9507,116.0
2501,20,118.8451,32.1486,36.0
2502,20,118.7409,32.0934,50.0
2503,20,118.9582,32.1233,32.0
2504,20,118.8262,32.3399,34.0
2505,20,118.8219,32.0463,54.0
2506,20,118.7812,31.9873,17.0
2507,20,118.8491,32.1109,27.0
2508,20,118.7196,31.9756,87.0
2509,20,118.6376,32.0667,117.0
2510,21,118.7957,32.0241,136.0
2511,21,118.8584,31.968,6.0
2512,21,118.7063,32.1187,59.0
2513,21,118.9534,32.1107,10.0
2514,21,118.6243,32.0526,6.0
2515,21,118.8049,31.9791,10.0
2516,21,118.81,32.053,45.0
2517,21,118.6217,32.0677,16.0
2518,21,118.6351,32.0645,113.0
2519,21,118.7299,32.0394,72.0
2520,21,118.9117,32.1033,63.0
2521,21,118.7034,32.1681,78.0
2522,21,118.7222,32.2065,58.0
2523,21,118.7424,32.0702,97.0
2524,21,118.6942,32.1116,18.0
2525,21,118.7301,32.2142,23.0
2526,21,118.872,32.0431,67.0
2527,21,118.8035,32.0163,10.0
2528,21,118.9123,32.088,45.0
2529,21,118.7397,32.1329,12.0
2530,21,118.9273,32.122,10.0
2531,21,118.8034,32.0429,213.0
2532,21,118.9229,32.1,184.0
2533,21,118.8104,32.0331,47.0
2534,21,118.7703,32.0602,173.0
2535,21,118.8463,32.358,42.0
2536,21,118.7981,31.9344,99.0
2537,21,118.7865,32.0488,703.0
2538,21,118.7841,32.0893,172.0
2539,21,118.8282,31.8866,25.0
2540,21,118.778,31.8943,32.0
2541,21,118.7279,31.9948,43.0
2542,21,118.8174,31.8948,41.0
2543,21,118.8581,32.0425,96.0
2544,21,118.8167,32.013,47.0
2545,21,118.7934,32.0766,43.0
2546,21,118.8828,31.9453,20.0
2547,21,118.8169,32.0828,59.0
2548,21,118.9177,32.0461,67.0
2549,21,118.7486,32.005,28.0
2550,21,118.7223,32.1509,17.0
2551,21,118.7823,32.0246,15.0
2552,21,118.8943,32.0901,433.0
2553,21,118.6197,32.081,9.0
2554,21,118.9489,32.1308,53.0
2555,21,119.0055,32.1447,14.0
2556,21,118.7509,32.0523,32.0
2557,21,118.8441,31.917,42.0
2558,21,118.7646,32.0973,23.0
2559,21,118.8286,32.0525,36.0
2560,21,118.8278,32.0914,47.0
2561,21,118.8278,31.9727,25.0
2562,21,118.878,32.1221,75.0
2563,21,118.8144,31.9396,44.0
2564,21,118.7727,32.0811,50.0
2565,21,118.8889,32.1713,94.0
2566,21,118.8346,31.8748,80.0
2567,21,118.7422,31.9881,123.0
2568,21,118.7599,32.0778,61.0
2569,21,118.7379,31.999,320.0
2570,21,118.8497,32.3454,28.0
2571,21,118.6473,32.0636,12.0
2572,21,118.814,32.1473,16.0
2573,21,118.8334,31.9455,54.0
2574,21,118.7829,31.9947,72.0
2575,21,118.8703,31.9434,7.0
2576,21,118.7388,32.0449,135.0
2577,21,118.7713,32.0458,31.0
2578,21,118.8607,32.0315,23.0
2579,21,118.7653,31.9966,15.0
2580,21,118.9282,32.1085,193.0
2581,21,118.8822,32.1576,22.0
2582,21,118.8142,32.043,36.0
2583,21,118.8088,31.9093,18.0
2584,21,118.8716,32.0186,53.0
2585,21,118.8218,31.9543,150.0
2586,21,118.8359,31.9015,37.0
2587,21,118.7815,32.105,35.0
2588,21,118.8585,32.3544,6.0
2589,21,118.7634,31.9758,81.0
2590,21,118.8519,31.9379,70.0
2591,21,118.8566,31.9481,35.0
2592,21,118.8247,32.1236,10.0
2593,21,118.8474,31.9042,15.0
2594,21,118.8932,31.9322,10.0
2595,21,118.8845,32.0858,30.0
2596,21,118.9204,31.9041,30.0
2597,21,118.8828,32.0246,57.0
2598,21,118.6683,32.0738,56.0
2599,21,118.665,31.935,75.0
2600,21,118.8024,31.9598,10.0
2601,21,118.8161,32.109,74.0
2602,21,118.777,32.1228,17.0
2603,21,118.8696,31.9635,45.0
2604,21,118.7933,32.0398,65.0
2605,21,118.8854,31.9231,28.0
2606,21,118.8513,31.9564,325.0
2607,21,118.7517,32.0286,58.0
2608,21,118.7841,31.9696,24.0
2609,21,118.7528,32.1459,10.0
2610,21,118.7747,32.0078,18.0
2611,21,118.7832,32.0736,179.0
2612,21,118.7261,32.1107,35.0
2613,21,118.7394,32.0844,27.0
2614,21,118.7982,31.9198,38.0
2615,21,118.8253,32.0756,15.0
2616,21,118.8252,31.938,43.0
2617,21,118.6401,32.0514,6.0
2618,21,118.7143,32.1622,31.0
2619,21,118.7282,31.9722,25.0
2620,21,118.8695,32.3431,9.0
2621,21,118.8078,31.9495,30.0
2622,21,118.7934,31.9863,15.0
2623,21,118.8335,32.1074,89.0
2624,21,118.9262,32.0614,10.0
2625,21,118.79,32.0602,146.0
2626,21,118.8337,32.0256,94.0
2627,21,118.7451,32.0365,13.0
2628,21,118.8935,32.1344,10.0
2629,21,118.795,31.9494,62.0
2630,21,118.8673,31.9738,39.0
2631,21,118.8946,32.0513,71.0
2632,21,118.7423,32.0209,247.0
2633,21,118.756,31.9644,30.0
2634,21,118.7297,32.0229,121.0
2635,21,118.9157,32.121,28.0
2636,21,118.8852,32.0949,10.0
2637,21,118.7972,32.0933,29.0
2638,21,118.9831,32.1224,9.0
2639,21,118.8309,32.3287,9.0
2640,21,118.8739,32.1376,190.0
2641,21,118.77,31.9831,141.0
2642,21,118.9385,32.1128,10.0
2643,21,118.8157,32.0989,14.0
2644,21,118.8422,32.1329,13.0
2645,21,118.7837,31.9788,291.0
2646,21,118.7592,32.0895,29.0
2647,21,118.9147,31.9611,11.0
2648,21,118.8124,32.0017,22.0
2649,21,118.6455,32.0735,40.0
2650,21,118.7262,32.0093,164.0
2651,21,118.942,32.1224,26.0
2652,21,118.7386,31.9604,32.0
2653,21,118.8429,32.0328,52.0
2654,22,118.8161,32.1078,23.0
2655,22,118.7953,31.8983,37.0
2656,22,118.7456,32.0645,10.0
2657,22,118.8186,32.0462,64.0
2658,22,118.7296,32.0393,22.0
2659,22,118.8513,31.9564,89.0
2660,22,118.8368,32.023,10.0
2661,22,118.7806,32.057,42.0
2662,22,118.8187,32.1271,31.0
2663,22,118.8973,32.0391,30.0
2664,22,118.7763,31.9826,516.0
2665,22,118.8354,31.8734,29.0
2666,22,118.6658,31.9398,21.0
2667,22,118.7364,32.0526,146.0
2668,22,118.7928,31.9377,82.0
2669,22,118.786,31.9629,42.0
2670,22,118.8578,32.3453,25.0
2671,22,118.7423,31.9878,147.0
2672,22,118.9193,32.0469,13.0
2673,22,118.8041,31.9861,44.0
2674,22,118.8051,32.0601,17.0
2675,22,118.9264,32.1303,17.0
2676,22,118.8289,32.1052,64.0
2677,22,118.7726,32.0154,26.0
2678,22,118.8506,32.0106,45.0
2679,22,118.6435,32.0693,40.0
2680,22,118.7274,31.9722,56.0
2681,22,118.907,32.1041,45.0
2682,22,118.7855,32.1044,33.0
2683,22,118.7902,32.0663,115.0
2684,22,118.8762,32.1547,22.0
2685,22,118.8557,31.9406,7.0
2686,22,118.6441,32.0554,7.0
2687,22,118.7598,31.9776,74.0
2688,22,118.8857,32.1593,167.0
2689,22,118.7708,32.0639,33.0
2690,22,118.8097,31.9665,15.0
2691,22,118.7224,32.1507,50.0
2692,22,118.7616,31.9665,43.0
2693,22,118.7748,32.0894,69.0
2694,22,118.8061,32.102,18.0
2695,22,118.7907,32.0955,111.0
2696,22,118.7327,32.0024,184.0
2697,22,118.7637,32.0432,24.0
2698,22,118.9464,32.1102,30.0
2699,22,118.9107,32.0906,126.0
2700,22,118.7978,31.9111,28.0
2701,22,118.8461,32.0408,10.0
2702,22,118.7677,31.9978,31.0
2703,22,118.7945,32.0256,118.0
2704,22,118.798,31.9971,48.0
2705,22,118.7469,32.0542,80.0
2706,22,118.8052,32.0354,66.0
2707,22,118.8206,32.0742,34.0
2708,22,118.757,32.0588,102.0
2709,22,118.7354,32.1313,29.0
2710,22,118.9245,32.0981,33.0
2711,22,118.845,31.9381,8.0
2712,22,118.7528,32.1456,23.0
2713,22,118.9512,32.1403,19.0
2714,22,118.79,32.0496,374.0
2715,22,118.7572,32.0978,37.0
2716,22,118.8168,32.0095,106.0
2717,22,118.8472,32.3427,12.0
2718,22,118.7895,32.0782,114.0
2719,22,118.6983,32.1164,30.0
2720,22,118.8017,32.0509,160.0
2721,22,118.651,32.078,23.0
2722,22,118.8487,31.8947,20.0
2723,22,118.7409,32.1589,6.0
2724,22,118.8074,31.9348,9.0
2725,22,118.777,32.0301,21.0
2726,22,118.6215,32.0761,33.0
2727,22,118.8211,32.141,50.0
2728,22,118.8488,31.9158,62.0
2729,22,118.7926,32.0348,59.0
2730,22,118.7897,31.9225,39.0
2731,22,118.7919,31.9824,37.0
2732,22,118.9147,32.1203,20.0
2733,22,118.7498,32.0113,29.0
2734,22,118.8608,32.3547,43.0
2735,22,118.801,31.9756,60.0
2736,22,118.832,31.9699,16.0
2737,22,118.9293,32.0607,12.0
2738,22,118.9193,32.106,87.0
2739,22,118.8927,32.053,15.0
2740,22,118.7435,32.0241,43.0
2741,22,118.8369,31.902,16.0
2742,22,118.6283,32.0632,36.0
2743,22,118.7526,32.0359,237.0
2744,22,118.8268,31.9586,20.0
2745,22,118.7417,32.0396,25.0
2746,22,118.8329,31.9492,58.0
2747,22,118.7925,31.9491,18.0
2748,22,118.7478,31.9967,73.0
2749,22,118.7752,32.0776,33.0
2750,22,118.7547,32.0245,42.0
2751,22,118.7244,32.0123,36.0
2752,22,118.8184,31.9509,31.0
2753,22,118.8802,32.0158,10.0
2754,22,118.8794,31.9508,48.0
2755,22,118.8995,32.0939,2124.0
2756,22,118.9018,32.0849,10.0
2757,22,118.9339,32.1071,94.0
2758,23,118.8082,32.0536,69.0
2759,23,118.6269,32.0641,6.0
2760,23,118.69,32.181,40.0
2761,23,118.7937,31.9802,49.0
2762,23,118.7625,32.0606,12.0
2763,23,118.811,31.911,49.0
2764,23,118.7489,32.0905,33.0
2765,23,118.8994,32.0555,15.0
2766,23,118.7921,32.0298,37.0
2767,23,118.7464,32.0578,46.0
2768,23,118.8579,32.3527,6.0
2769,23,118.801,32.0462,88.0
2770,23,118.8573,31.9312,6.0
2771,23,118.778,31.9866,452.0
2772,23,118.7699,32.0785,13.0
2773,23,118.8839,32.0847,18.0
2774,23,118.7931,32.0637,161.0
2775,23,118.7874,31.9614,11.0
2776,23,118.783,31.9956,110.0
2777,23,118.743,32.0355,116.0
2778,23,118.6418,32.0692,100.0
2779,23,118.7768,32.0078,74.0
2780,23,118.7099,31.8728,12.0
2781,23,118.8984,32.0911,1061.0
2782,23,118.8177,31.9011,16.0
2783,23,118.8338,31.9408,37.0
2784,23,118.7697,32.1139,26.0
2785,23,118.7254,32.1598,45.0
2786,23,118.876,31.9653,53.0
2787,23,118.7606,32.0837,21.0
2788,23,118.8804,32.1276,10.0
2789,23,118.8607,31.9562,26.0
2790,23,118.8159,32.0963,69.0
2791,23,118.7845,32.041,216.0
2792,23,118.77,32.0149,47.0
2793,23,118.7906,32.0539,286.0
2794,23,118.8166,32.1091,13.0
2795,23,118.8062,31.9347,14.0
2796,23,118.9321,32.1241,10.0
2797,23,118.7577,31.9793,58.0
2798,23,118.761,32.0702,10.0
2799,23,118.6217,32.0502,43.0
2800,23,118.8066,32.0902,34.0
2801,23,118.8802,32.022,10.0
2802,23,118.9177,32.0968,169.0
2803,23,118.933,32.1089,64.0
2804,23,118.7955,32.1032,12.0
2805,23,118.7985,32.013,22.0
2806,23,118.8417,32.0349,22.0
2807,23,118.834,32.3519,10.0
2808,23,118.8213,32.125,19.0
2809,23,118.7507,32.0448,29.0
2810,23,118.8843,31.9455,10.0
2811,23,118.946,32.1097,23.0
2812,23,118.7756,32.058,10.0
2813,23,118.7304,31.987,20.0
2814,23,118.9007,32.1348,11.0
2815,23,118.6476,32.0768,6.0
2816,23,118.7696,32.037,77.0
2817,23,118.7917,31.9504,41.0
2818,23,118.7975,31.9026,20.0
2819,23,118.7591,32.0391,10.0
2820,23,118.8226,32.0316,34.0
2821,23,118.9209,32.1111,11.0
2822,23,118.7432,31.9877,40.0
2823,23,118.8396,31.915,28.0
2824,23,118.8799,31.9561,8.0
2825,23,118.7598,31.9487,30.0
2826,23,118.8666,32.0414,29.0
2827,23,118.8108,31.9528,10.0
2828,23,118.7809,32.0728,14.0
2829,23,118.8311,32.0866,22.0
2830,23,118.735,32.0097,49.0
2831,23,118.8608,32.0309,43.0
2832,23,118.8041,31.9772,50.0
2833,23,118.8912,32.1621,16.0
2834,23,118.7269,32.0259,17.0
2835,23,118.8332,32.0254,23.0
2836,23,118.769,32.0273,25.0
2837,23,118.7365,31.9948,141.0
2838,23,118.8195,32.0771,43.0
2839,23,118.8634,31.9452,6.0
2840,23,118.6433,32.0542,10.0
2841,23,118.8263,31.9595,6.0
2842,23,118.7897,32.0785,120.0
2843,23,118.8283,32.1417,61.0
2844,23,118.8655,32.1063,21.0
2845,23,118.8282,31.9746,17.0
2846,23,118.9566,32.155,20.0
2847,23,118.6406,32.0895,9.0
2848,23,118.8356,32.1216,15.0
